Image link,Image Name
https://m.media-amazon.com/images/I/91PsqQnl7sL._jpg,1_1
https://m.media-amazon.com/images/I/616X+k+HbkL._jpg,2_1
https://m.media-amazon.com/images/I/31ea03MjLPL._jpg,3_1
https://m.media-amazon.com/images/I/717qc0++Q8L_.jpg,4_1
https://m.media-amazon.com/images/I/61UU3q8vlPL._S_.jpg,5_1
https://m.media-amazon.com/images/I/61Ll7ZreSbL._SY500_.jpg,6_1
https://m.media-amazon.com/images/I/81zPv8wSMsL._SY879_.jpg,7_1
https://m.media-amazon.com/images/I/71K++0QXClL._SY879_.jpg,8_1
https://m.media-amazon.com/images/I/61hcYBCzcUL._jpg,9_1
https://m.media-amazon.com/images/I/81x4GtBLpGL._SY500_.jpg,10_1
https://m.media-amazon.com/images/I/914bTlecMzL._SY500_.jpg,11_1
https://m.media-amazon.com/images/I/81uriemyx9L._jpg,12_1
https://m.media-amazon.com/images/I/71HWOp7ytgL._SX679_.jpg,13_1
https://m.media-amazon.com/images/I/71DzPbP00EL._SY879_.jpg,14_1
https://m.media-amazon.com/images/I/81PlWqBHSLL._jpg,15_1
https://m.media-amazon.com/images/I/81IjwOrX3qL._jpg,1_2
https://m.media-amazon.com/images/I/51UYrr+UvpL._SY500_.jpg,2_2
https://m.media-amazon.com/images/I/71bnSuy5TuL._SX679_.jpg,3_2
https://m.media-amazon.com/images/I/71FSHcp1FOL._SX679_.jpg,4_2
https://m.media-amazon.com/images/I/61GeoBDz2OL._SY879_.jpg,5_2
https://m.media-amazon.com/images/I/61pL2Byx+mL._SY500_.jpg,6_2
https://m.media-amazon.com/images/I/81JX3KRwyjL._SX679_.jpg,7_2
https://m.media-amazon.com/images/I/71oQtRsuv6L._SY879_.jpg,8_2
https://m.media-amazon.com/images/I/71dVz+OIiAL._SY500_.jpg,9_2
https://m.media-amazon.com/images/I/81RVwV25ATL._SY500_.jpg,10_2
https://m.media-amazon.com/images/I/713E+kJ5QsL._jpg,11_2
https://m.media-amazon.com/images/I/81o2GeLhBML._SY500_.jpg,12_2
https://m.media-amazon.com/images/I/711JqANV9aL._SX679_.jpg,13_2
https://m.media-amazon.com/images/I/61+DRpQjNhL._SY879_.jpg,14_2
https://m.media-amazon.com/images/I/81sk8xSi mmL._SY500_.jpg,15_2
https://m.media-amazon.com/images/I/91DN3Q2x+2L._SX466_.jpg,1_3
https://m.media-amazon.com/images/I/71h+vOz0QkL._SY500_.jpg,2_3
https://m.media-amazon.com/images/I/51RvRUGb02L._SX679_.jpg,3_3
https://m.media-amazon.com/images/I/61MUQ0yS-rL._SX679_.jpg,4_3
https://m.media-amazon.com/images/I/71LRnCdcDLL._SY500_.jpg,6_3
https://m.media-amazon.com/images/I/61N2Z mmkBZL._SY879_.jpg,7_3
https://m.media-amazon.com/images/I/813GdhLMahL._SY879_.jpg,8_3
https://m.media-amazon.com/images/I/81DuoPmE6RL._jpg,9_3
https://m.media-amazon.com/images/I/91FyI-lVGEL._SY500_.jpg,10_3
https://m.media-amazon.com/images/I/71FU+qZS-PL._jpg,11_3
https://m.media-amazon.com/images/I/81rw1jIK+9L._jpg,12_3
https://m.media-amazon.com/images/I/71EWx2AVAfL._SX679_.jpg,13_3
https://m.media-amazon.com/images/I/71qOxdvhPlL._SY879_.jpg,14_3
https://m.media-amazon.com/images/I/81P+Fw5DNSL._SY500_.jpg,15_3
https://m.media-amazon.com/images/I/61nQQhwX+OL._SY500_.jpg,2_4
https://m.media-amazon.com/images/I/71awXl4rq-L._SY879_.jpg,4_4
https://m.media-amazon.com/images/I/61D3TQbhJdL._SX679_.jpg,7_4
https://m.media-amazon.com/images/I/81unz0XvIXL._SY879_.jpg,8_4
https://m.media-amazon.com/images/I/81RWfJTUulL._jpg,12_4
https://m.media-amazon.com/images/I/81hmoMDhryL._SY879_.jpg,14_4
https://m.media-amazon.com/images/I/71kccg1jmZL._SY500_.jpg,2_5
https://m.media-amazon.com/images/I/61u6DitXrtL._SX679_.jpg,7_5
https://m.media-amazon.com/images/I/81UVB-jkEVL._SY500_.jpg,12_5
https://m.media-amazon.com/images/I/71d4ub6iXBL._SX679_.jpg,14_5
