Image link,Mat Code
https://m.media-amazon.com/images/I/31MSh1h9MoL._AC_US40_.jpg,7100855
https://m.media-amazon.com/images/I/51sG5EhdRmL.__AC_SX300_SY300_QL70_ML2_.jpg,7101266
https://encrypted-tbn3.gstatic.com/shopping?q=tbn:ANd9GcTisDYwR7KJpbD9ySxUmXLOpn6Bbzu9UEi9IA2eV5-FAoD-6euQEf_cLZlEex8mD_YlSBCTbLObLrBUyirB17r4JktsiUKjrfE9ArX665LjlsbJIKV2Axrw33PnYoxvAqqqCJLp1g&usqp=Cac,7101359
https://i.ebayimg.com/images/g/odwAAOSwn-VkR8P1/s-l1200.jpg,7101868
https://fktools.ae/assets/images/image-data/6697608913.jpg,7101885
https://www.goshoponline.com.my/image/goshoponline/image/cache/data/all_product_images/product-11381/qhsCWN5j1688622575-420x420.png,7101886
https://www.officerock.com/media/mf_webp/jpg/media/catalog/product/cache/b4542d6e077142bb4ffdd5895d38e6ec/4/3/43_29.webp,7101890
https://www.gimaitaly.com/it/assets/altreimmagini/medium/59207.jpg,7101898
https://www.firesupplies.ae/wp-content/uploads/2022/02/3m-m209390820-501-filter-retainer-768x768.jpg,7102035
