Images link 1,Image Name_1
https://www.dropbox.com/scl/fi/vglcmyxajly0xyqe2ja71/1.jpg?rlkey=x3iedw3uvdjh10068kyrr829i&st=m17fts90&dl=0,1_1
https://www.dropbox.com/scl/fi/vglcmyxajly0xyqe2ja71/1.jpg?rlkey=x3iedw3uvdjh10068kyrr829i&st=m17fts90&dl=0,2_1
https://www.dropbox.com/scl/fi/vglcmyxajly0xyqe2ja71/1.jpg?rlkey=x3iedw3uvdjh10068kyrr829i&st=m17fts90&dl=0,3_1
https://www.dropbox.com/scl/fi/vglcmyxajly0xyqe2ja71/1.jpg?rlkey=x3iedw3uvdjh10068kyrr829i&st=m17fts90&dl=0,4_1
https://www.dropbox.com/scl/fi/vglcmyxajly0xyqe2ja71/1.jpg?rlkey=x3iedw3uvdjh10068kyrr829i&st=m17fts90&dl=0,5_1
https://www.dropbox.com/scl/fi/vglcmyxajly0xyqe2ja71/1.jpg?rlkey=x3iedw3uvdjh10068kyrr829i&st=m17fts90&dl=0,6_1
https://www.dropbox.com/scl/fi/vglcmyxajly0xyqe2ja71/1.jpg?rlkey=x3iedw3uvdjh10068kyrr829i&st=m17fts90&dl=0,7_1
https://www.dropbox.com/scl/fi/vglcmyxajly0xyqe2ja71/1.jpg?rlkey=x3iedw3uvdjh10068kyrr829i&st=m17fts90&dl=0,8_1
https://www.dropbox.com/scl/fi/0373f8sxon5g3w2kmhv7f/EX-4.jpg?rlkey=ply5crmws842fxa1esert9tso&st=gi9e4lhb&dl=0,9_1
https://www.dropbox.com/scl/fi/0373f8sxon5g3w2kmhv7f/EX-4.jpg?rlkey=ply5crmws842fxa1esert9tso&st=gi9e4lhb&dl=0,10_1
https://www.dropbox.com/scl/fi/vglcmyxajly0xyqe2ja71/1.jpg?rlkey=x3iedw3uvdjh10068kyrr829i&st=m17fts90&dl=0,11_1
https://www.dropbox.com/scl/fi/vglcmyxajly0xyqe2ja71/1.jpg?rlkey=x3iedw3uvdjh10068kyrr829i&st=m17fts90&dl=0,12_1
https://www.dropbox.com/scl/fi/vglcmyxajly0xyqe2ja71/1.jpg?rlkey=x3iedw3uvdjh10068kyrr829i&st=m17fts90&dl=0,13_1
https://www.dropbox.com/scl/fi/0373f8sxon5g3w2kmhv7f/EX-4.jpg?rlkey=ply5crmws842fxa1esert9tso&st=gi9e4lhb&dl=0,14_1
https://www.dropbox.com/scl/fi/vglcmyxajly0xyqe2ja71/1.jpg?rlkey=x3iedw3uvdjh10068kyrr829i&st=m17fts90&dl=0,15_1
https://www.dropbox.com/scl/fi/vglcmyxajly0xyqe2ja71/1.jpg?rlkey=x3iedw3uvdjh10068kyrr829i&st=m17fts90&dl=0,16_1
https://www.dropbox.com/scl/fi/vglcmyxajly0xyqe2ja71/1.jpg?rlkey=x3iedw3uvdjh10068kyrr829i&st=m17fts90&dl=0,17_1
https://www.dropbox.com/scl/fi/vglcmyxajly0xyqe2ja71/1.jpg?rlkey=x3iedw3uvdjh10068kyrr829i&st=m17fts90&dl=0,18_1
https://www.dropbox.com/scl/fi/vglcmyxajly0xyqe2ja71/1.jpg?rlkey=x3iedw3uvdjh10068kyrr829i&st=m17fts90&dl=0,19_1
https://www.dropbox.com/scl/fi/vglcmyxajly0xyqe2ja71/1.jpg?rlkey=x3iedw3uvdjh10068kyrr829i&st=m17fts90&dl=0,20_1
https://www.dropbox.com/scl/fi/vglcmyxajly0xyqe2ja71/1.jpg?rlkey=x3iedw3uvdjh10068kyrr829i&st=m17fts90&dl=0,21_1
https://www.dropbox.com/scl/fi/vglcmyxajly0xyqe2ja71/1.jpg?rlkey=x3iedw3uvdjh10068kyrr829i&st=m17fts90&dl=0,22_1
https://www.dropbox.com/scl/fi/vglcmyxajly0xyqe2ja71/1.jpg?rlkey=x3iedw3uvdjh10068kyrr829i&st=m17fts90&dl=0,23_1
https://www.dropbox.com/scl/fi/0373f8sxon5g3w2kmhv7f/EX-4.jpg?rlkey=ply5crmws842fxa1esert9tso&st=gi9e4lhb&dl=0,24_1
https://www.dropbox.com/scl/fi/vglcmyxajly0xyqe2ja71/1.jpg?rlkey=x3iedw3uvdjh10068kyrr829i&st=m17fts90&dl=0,25_1
https://www.dropbox.com/scl/fi/vglcmyxajly0xyqe2ja71/1.jpg?rlkey=x3iedw3uvdjh10068kyrr829i&st=m17fts90&dl=0,26_1
https://www.dropbox.com/scl/fi/vglcmyxajly0xyqe2ja71/1.jpg?rlkey=x3iedw3uvdjh10068kyrr829i&st=m17fts90&dl=0,27_1
https://www.dropbox.com/scl/fi/vglcmyxajly0xyqe2ja71/1.jpg?rlkey=x3iedw3uvdjh10068kyrr829i&st=m17fts90&dl=0,28_1
https://www.dropbox.com/scl/fi/vglcmyxajly0xyqe2ja71/1.jpg?rlkey=x3iedw3uvdjh10068kyrr829i&st=m17fts90&dl=0,29_1
https://www.dropbox.com/scl/fi/vglcmyxajly0xyqe2ja71/1.jpg?rlkey=x3iedw3uvdjh10068kyrr829i&st=m17fts90&dl=0,30_1
https://www.dropbox.com/scl/fi/vglcmyxajly0xyqe2ja71/1.jpg?rlkey=x3iedw3uvdjh10068kyrr829i&st=m17fts90&dl=0,31_1
https://www.dropbox.com/scl/fi/0373f8sxon5g3w2kmhv7f/EX-4.jpg?rlkey=ply5crmws842fxa1esert9tso&st=gi9e4lhb&dl=0,32_1
https://www.dropbox.com/scl/fi/vglcmyxajly0xyqe2ja71/1.jpg?rlkey=x3iedw3uvdjh10068kyrr829i&st=m17fts90&dl=0,33_1
https://www.dropbox.com/scl/fi/vglcmyxajly0xyqe2ja71/1.jpg?rlkey=x3iedw3uvdjh10068kyrr829i&st=m17fts90&dl=0,34_1
https://www.dropbox.com/scl/fi/0373f8sxon5g3w2kmhv7f/EX-4.jpg?rlkey=ply5crmws842fxa1esert9tso&st=gi9e4lhb&dl=0,35_1
https://www.dropbox.com/scl/fi/vglcmyxajly0xyqe2ja71/1.jpg?rlkey=x3iedw3uvdjh10068kyrr829i&st=m17fts90&dl=0,36_1
https://www.dropbox.com/scl/fi/vglcmyxajly0xyqe2ja71/1.jpg?rlkey=x3iedw3uvdjh10068kyrr829i&st=m17fts90&dl=0,37_1
https://www.dropbox.com/scl/fi/vglcmyxajly0xyqe2ja71/1.jpg?rlkey=x3iedw3uvdjh10068kyrr829i&st=m17fts90&dl=0,38_1
https://www.dropbox.com/scl/fi/vglcmyxajly0xyqe2ja71/1.jpg?rlkey=x3iedw3uvdjh10068kyrr829i&st=m17fts90&dl=0,39_1
https://www.dropbox.com/scl/fi/vglcmyxajly0xyqe2ja71/1.jpg?rlkey=x3iedw3uvdjh10068kyrr829i&st=m17fts90&dl=0,40_1
https://www.dropbox.com/scl/fi/vglcmyxajly0xyqe2ja71/1.jpg?rlkey=x3iedw3uvdjh10068kyrr829i&st=m17fts90&dl=0,41_1
https://www.dropbox.com/scl/fi/vglcmyxajly0xyqe2ja71/1.jpg?rlkey=x3iedw3uvdjh10068kyrr829i&st=m17fts90&dl=0,42_1
https://www.dropbox.com/scl/fi/vglcmyxajly0xyqe2ja71/1.jpg?rlkey=x3iedw3uvdjh10068kyrr829i&st=m17fts90&dl=0,43_1
https://www.dropbox.com/scl/fi/vglcmyxajly0xyqe2ja71/1.jpg?rlkey=x3iedw3uvdjh10068kyrr829i&st=m17fts90&dl=0,44_1
https://www.dropbox.com/scl/fi/vglcmyxajly0xyqe2ja71/1.jpg?rlkey=x3iedw3uvdjh10068kyrr829i&st=m17fts90&dl=0,45_1
https://www.dropbox.com/scl/fi/vglcmyxajly0xyqe2ja71/1.jpg?rlkey=x3iedw3uvdjh10068kyrr829i&st=m17fts90&dl=0,46_1
https://www.dropbox.com/scl/fi/vglcmyxajly0xyqe2ja71/1.jpg?rlkey=x3iedw3uvdjh10068kyrr829i&st=m17fts90&dl=0,47_1
https://www.dropbox.com/scl/fi/vglcmyxajly0xyqe2ja71/1.jpg?rlkey=x3iedw3uvdjh10068kyrr829i&st=m17fts90&dl=0,48_1
https://www.dropbox.com/scl/fi/vglcmyxajly0xyqe2ja71/1.jpg?rlkey=x3iedw3uvdjh10068kyrr829i&st=m17fts90&dl=0,49_1
https://www.dropbox.com/scl/fi/vglcmyxajly0xyqe2ja71/1.jpg?rlkey=x3iedw3uvdjh10068kyrr829i&st=m17fts90&dl=0,50_1
https://www.dropbox.com/scl/fi/vglcmyxajly0xyqe2ja71/1.jpg?rlkey=x3iedw3uvdjh10068kyrr829i&st=m17fts90&dl=0,51_1
https://www.dropbox.com/scl/fi/vglcmyxajly0xyqe2ja71/1.jpg?rlkey=x3iedw3uvdjh10068kyrr829i&st=m17fts90&dl=0,52_1
https://www.dropbox.com/scl/fi/vglcmyxajly0xyqe2ja71/1.jpg?rlkey=x3iedw3uvdjh10068kyrr829i&st=m17fts90&dl=0,53_1
https://www.dropbox.com/scl/fi/vglcmyxajly0xyqe2ja71/1.jpg?rlkey=x3iedw3uvdjh10068kyrr829i&st=m17fts90&dl=0,54_1
https://www.dropbox.com/scl/fi/0373f8sxon5g3w2kmhv7f/EX-4.jpg?rlkey=ply5crmws842fxa1esert9tso&st=gi9e4lhb&dl=0,55_1
https://www.dropbox.com/scl/fi/0373f8sxon5g3w2kmhv7f/EX-4.jpg?rlkey=ply5crmws842fxa1esert9tso&st=gi9e4lhb&dl=0,56_1
https://www.dropbox.com/scl/fi/avsry7yh82vvzrmu6ro3r/Exter.jpg?rlkey=5kygwloeig2p3zu8bn042w4u8&st=8a5okjcl&dl=0,57_1
https://www.dropbox.com/scl/fi/vglcmyxajly0xyqe2ja71/1.jpg?rlkey=x3iedw3uvdjh10068kyrr829i&st=m17fts90&dl=0,58_1
https://www.dropbox.com/scl/fi/vglcmyxajly0xyqe2ja71/1.jpg?rlkey=x3iedw3uvdjh10068kyrr829i&st=m17fts90&dl=0,59_1
https://www.dropbox.com/scl/fi/vglcmyxajly0xyqe2ja71/1.jpg?rlkey=x3iedw3uvdjh10068kyrr829i&st=m17fts90&dl=0,60_1
https://www.dropbox.com/scl/fi/vglcmyxajly0xyqe2ja71/1.jpg?rlkey=x3iedw3uvdjh10068kyrr829i&st=m17fts90&dl=0,61_1
https://www.dropbox.com/scl/fi/vglcmyxajly0xyqe2ja71/1.jpg?rlkey=x3iedw3uvdjh10068kyrr829i&st=m17fts90&dl=0,62_1
https://www.dropbox.com/scl/fi/0373f8sxon5g3w2kmhv7f/EX-4.jpg?rlkey=ply5crmws842fxa1esert9tso&st=gi9e4lhb&dl=0,63_1
https://www.dropbox.com/scl/fi/vglcmyxajly0xyqe2ja71/1.jpg?rlkey=x3iedw3uvdjh10068kyrr829i&st=m17fts90&dl=0,64_1
https://www.dropbox.com/scl/fi/vglcmyxajly0xyqe2ja71/1.jpg?rlkey=x3iedw3uvdjh10068kyrr829i&st=m17fts90&dl=0,65_1
https://www.dropbox.com/scl/fi/0373f8sxon5g3w2kmhv7f/EX-4.jpg?rlkey=ply5crmws842fxa1esert9tso&st=gi9e4lhb&dl=0,66_1
https://www.dropbox.com/scl/fi/0373f8sxon5g3w2kmhv7f/EX-4.jpg?rlkey=ply5crmws842fxa1esert9tso&st=gi9e4lhb&dl=0,67_1
https://www.dropbox.com/scl/fi/0373f8sxon5g3w2kmhv7f/EX-4.jpg?rlkey=ply5crmws842fxa1esert9tso&st=gi9e4lhb&dl=0,68_1
https://www.dropbox.com/scl/fi/vglcmyxajly0xyqe2ja71/1.jpg?rlkey=x3iedw3uvdjh10068kyrr829i&st=m17fts90&dl=0,69_1
https://www.dropbox.com/scl/fi/vglcmyxajly0xyqe2ja71/1.jpg?rlkey=x3iedw3uvdjh10068kyrr829i&st=m17fts90&dl=0,70_1
https://www.dropbox.com/scl/fi/vglcmyxajly0xyqe2ja71/1.jpg?rlkey=x3iedw3uvdjh10068kyrr829i&st=m17fts90&dl=0,71_1
https://www.dropbox.com/scl/fi/vglcmyxajly0xyqe2ja71/1.jpg?rlkey=x3iedw3uvdjh10068kyrr829i&st=m17fts90&dl=0,72_1
https://www.dropbox.com/scl/fi/vglcmyxajly0xyqe2ja71/1.jpg?rlkey=x3iedw3uvdjh10068kyrr829i&st=m17fts90&dl=0,73_1
https://www.dropbox.com/scl/fi/0373f8sxon5g3w2kmhv7f/EX-4.jpg?rlkey=ply5crmws842fxa1esert9tso&st=gi9e4lhb&dl=0,74_1
https://www.dropbox.com/scl/fi/0373f8sxon5g3w2kmhv7f/EX-4.jpg?rlkey=ply5crmws842fxa1esert9tso&st=gi9e4lhb&dl=0,75_1
https://www.dropbox.com/scl/fi/0373f8sxon5g3w2kmhv7f/EX-4.jpg?rlkey=ply5crmws842fxa1esert9tso&st=gi9e4lhb&dl=0,76_1
https://www.dropbox.com/scl/fi/0373f8sxon5g3w2kmhv7f/EX-4.jpg?rlkey=ply5crmws842fxa1esert9tso&st=gi9e4lhb&dl=0,77_1
https://www.dropbox.com/scl/fi/0373f8sxon5g3w2kmhv7f/EX-4.jpg?rlkey=ply5crmws842fxa1esert9tso&st=gi9e4lhb&dl=0,78_1
https://www.dropbox.com/scl/fi/0373f8sxon5g3w2kmhv7f/EX-4.jpg?rlkey=ply5crmws842fxa1esert9tso&st=gi9e4lhb&dl=0,79_1
https://www.dropbox.com/scl/fi/0373f8sxon5g3w2kmhv7f/EX-4.jpg?rlkey=ply5crmws842fxa1esert9tso&st=gi9e4lhb&dl=0,80_1
https://www.dropbox.com/scl/fi/vglcmyxajly0xyqe2ja71/1.jpg?rlkey=x3iedw3uvdjh10068kyrr829i&st=m17fts90&dl=0,81_1
https://www.dropbox.com/scl/fi/vglcmyxajly0xyqe2ja71/1.jpg?rlkey=x3iedw3uvdjh10068kyrr829i&st=m17fts90&dl=0,82_1
https://www.dropbox.com/scl/fi/vglcmyxajly0xyqe2ja71/1.jpg?rlkey=x3iedw3uvdjh10068kyrr829i&st=m17fts90&dl=0,83_1
https://www.dropbox.com/scl/fi/vglcmyxajly0xyqe2ja71/1.jpg?rlkey=x3iedw3uvdjh10068kyrr829i&st=m17fts90&dl=0,84_1
https://www.dropbox.com/scl/fi/vglcmyxajly0xyqe2ja71/1.jpg?rlkey=x3iedw3uvdjh10068kyrr829i&st=m17fts90&dl=0,85_1
https://www.dropbox.com/scl/fi/vglcmyxajly0xyqe2ja71/1.jpg?rlkey=x3iedw3uvdjh10068kyrr829i&st=m17fts90&dl=0,86_1
https://www.dropbox.com/scl/fi/vglcmyxajly0xyqe2ja71/1.jpg?rlkey=x3iedw3uvdjh10068kyrr829i&st=m17fts90&dl=0,87_1
https://www.dropbox.com/scl/fi/vglcmyxajly0xyqe2ja71/1.jpg?rlkey=x3iedw3uvdjh10068kyrr829i&st=m17fts90&dl=0,88_1
https://www.dropbox.com/scl/fi/vglcmyxajly0xyqe2ja71/1.jpg?rlkey=x3iedw3uvdjh10068kyrr829i&st=m17fts90&dl=0,89_1
https://www.dropbox.com/scl/fi/vglcmyxajly0xyqe2ja71/1.jpg?rlkey=x3iedw3uvdjh10068kyrr829i&st=m17fts90&dl=0,90_1
https://www.dropbox.com/scl/fi/vglcmyxajly0xyqe2ja71/1.jpg?rlkey=x3iedw3uvdjh10068kyrr829i&st=m17fts90&dl=0,91_1
https://www.dropbox.com/scl/fi/vglcmyxajly0xyqe2ja71/1.jpg?rlkey=x3iedw3uvdjh10068kyrr829i&st=m17fts90&dl=0,92_1
https://www.dropbox.com/scl/fi/vglcmyxajly0xyqe2ja71/1.jpg?rlkey=x3iedw3uvdjh10068kyrr829i&st=m17fts90&dl=0,93_1
https://www.dropbox.com/scl/fi/vglcmyxajly0xyqe2ja71/1.jpg?rlkey=x3iedw3uvdjh10068kyrr829i&st=m17fts90&dl=0,94_1
https://www.dropbox.com/scl/fi/vglcmyxajly0xyqe2ja71/1.jpg?rlkey=x3iedw3uvdjh10068kyrr829i&st=m17fts90&dl=0,95_1
https://www.dropbox.com/scl/fi/vglcmyxajly0xyqe2ja71/1.jpg?rlkey=x3iedw3uvdjh10068kyrr829i&st=m17fts90&dl=0,96_1
https://www.dropbox.com/scl/fi/vglcmyxajly0xyqe2ja71/1.jpg?rlkey=x3iedw3uvdjh10068kyrr829i&st=m17fts90&dl=0,97_1
https://www.dropbox.com/scl/fi/0373f8sxon5g3w2kmhv7f/EX-4.jpg?rlkey=ply5crmws842fxa1esert9tso&st=gi9e4lhb&dl=0,98_1
https://www.dropbox.com/scl/fi/0373f8sxon5g3w2kmhv7f/EX-4.jpg?rlkey=ply5crmws842fxa1esert9tso&st=gi9e4lhb&dl=0,99_1
https://www.dropbox.com/scl/fi/vglcmyxajly0xyqe2ja71/1.jpg?rlkey=x3iedw3uvdjh10068kyrr829i&st=m17fts90&dl=0,100_1
https://www.dropbox.com/scl/fi/vglcmyxajly0xyqe2ja71/1.jpg?rlkey=x3iedw3uvdjh10068kyrr829i&st=m17fts90&dl=0,101_1
https://www.dropbox.com/scl/fi/vglcmyxajly0xyqe2ja71/1.jpg?rlkey=x3iedw3uvdjh10068kyrr829i&st=m17fts90&dl=0,102_1
https://www.dropbox.com/scl/fi/0373f8sxon5g3w2kmhv7f/EX-4.jpg?rlkey=ply5crmws842fxa1esert9tso&st=gi9e4lhb&dl=0,103_1
https://www.dropbox.com/scl/fi/x0n1z5peqk9enwq6shuuj/Punch.png?rlkey=yro2vfh183rblpicwu2nni4b7&st=4l8fm2pj&dl=0,104_1
https://www.dropbox.com/scl/fi/vglcmyxajly0xyqe2ja71/1.jpg?rlkey=x3iedw3uvdjh10068kyrr829i&st=m17fts90&dl=0,105_1
https://www.dropbox.com/scl/fi/0373f8sxon5g3w2kmhv7f/EX-4.jpg?rlkey=ply5crmws842fxa1esert9tso&st=gi9e4lhb&dl=0,106_1
https://www.dropbox.com/scl/fi/0373f8sxon5g3w2kmhv7f/EX-4.jpg?rlkey=ply5crmws842fxa1esert9tso&st=gi9e4lhb&dl=0,107_1
https://www.dropbox.com/scl/fi/vglcmyxajly0xyqe2ja71/1.jpg?rlkey=x3iedw3uvdjh10068kyrr829i&st=m17fts90&dl=0,108_1
https://www.dropbox.com/scl/fi/vglcmyxajly0xyqe2ja71/1.jpg?rlkey=x3iedw3uvdjh10068kyrr829i&st=m17fts90&dl=0,109_1
https://www.dropbox.com/scl/fi/0373f8sxon5g3w2kmhv7f/EX-4.jpg?rlkey=ply5crmws842fxa1esert9tso&st=gi9e4lhb&dl=0,110_1
https://www.dropbox.com/scl/fi/vglcmyxajly0xyqe2ja71/1.jpg?rlkey=x3iedw3uvdjh10068kyrr829i&st=m17fts90&dl=0,111_1
https://www.dropbox.com/scl/fi/vglcmyxajly0xyqe2ja71/1.jpg?rlkey=x3iedw3uvdjh10068kyrr829i&st=m17fts90&dl=0,112_1
https://www.dropbox.com/scl/fi/vglcmyxajly0xyqe2ja71/1.jpg?rlkey=x3iedw3uvdjh10068kyrr829i&st=m17fts90&dl=0,113_1
https://www.dropbox.com/scl/fi/0373f8sxon5g3w2kmhv7f/EX-4.jpg?rlkey=ply5crmws842fxa1esert9tso&st=gi9e4lhb&dl=0,114_1
https://www.dropbox.com/scl/fi/vglcmyxajly0xyqe2ja71/1.jpg?rlkey=x3iedw3uvdjh10068kyrr829i&st=m17fts90&dl=0,115_1
https://www.dropbox.com/scl/fi/0373f8sxon5g3w2kmhv7f/EX-4.jpg?rlkey=ply5crmws842fxa1esert9tso&st=gi9e4lhb&dl=0,116_1
https://www.dropbox.com/scl/fi/0373f8sxon5g3w2kmhv7f/EX-4.jpg?rlkey=ply5crmws842fxa1esert9tso&st=gi9e4lhb&dl=0,117_1
https://www.dropbox.com/scl/fi/vglcmyxajly0xyqe2ja71/1.jpg?rlkey=x3iedw3uvdjh10068kyrr829i&st=m17fts90&dl=0,118_1
https://www.dropbox.com/scl/fi/vglcmyxajly0xyqe2ja71/1.jpg?rlkey=x3iedw3uvdjh10068kyrr829i&st=m17fts90&dl=0,119_1
https://www.dropbox.com/scl/fi/vglcmyxajly0xyqe2ja71/1.jpg?rlkey=x3iedw3uvdjh10068kyrr829i&st=m17fts90&dl=0,120_1
https://www.dropbox.com/scl/fi/0373f8sxon5g3w2kmhv7f/EX-4.jpg?rlkey=ply5crmws842fxa1esert9tso&st=gi9e4lhb&dl=0,121_1
https://www.dropbox.com/scl/fi/0373f8sxon5g3w2kmhv7f/EX-4.jpg?rlkey=ply5crmws842fxa1esert9tso&st=gi9e4lhb&dl=0,122_1
https://www.dropbox.com/scl/fi/0373f8sxon5g3w2kmhv7f/EX-4.jpg?rlkey=ply5crmws842fxa1esert9tso&st=gi9e4lhb&dl=0,123_1
https://www.dropbox.com/scl/fi/vglcmyxajly0xyqe2ja71/1.jpg?rlkey=x3iedw3uvdjh10068kyrr829i&st=m17fts90&dl=0,124_1
https://www.dropbox.com/scl/fi/vglcmyxajly0xyqe2ja71/1.jpg?rlkey=x3iedw3uvdjh10068kyrr829i&st=m17fts90&dl=0,125_1
https://www.dropbox.com/scl/fi/vglcmyxajly0xyqe2ja71/1.jpg?rlkey=x3iedw3uvdjh10068kyrr829i&st=m17fts90&dl=0,126_1
https://www.dropbox.com/scl/fi/vglcmyxajly0xyqe2ja71/1.jpg?rlkey=x3iedw3uvdjh10068kyrr829i&st=m17fts90&dl=0,127_1
https://www.dropbox.com/scl/fi/vglcmyxajly0xyqe2ja71/1.jpg?rlkey=x3iedw3uvdjh10068kyrr829i&st=m17fts90&dl=0,128_1
https://www.dropbox.com/scl/fi/vglcmyxajly0xyqe2ja71/1.jpg?rlkey=x3iedw3uvdjh10068kyrr829i&st=m17fts90&dl=0,129_1
https://www.dropbox.com/scl/fi/vglcmyxajly0xyqe2ja71/1.jpg?rlkey=x3iedw3uvdjh10068kyrr829i&st=m17fts90&dl=0,130_1
https://www.dropbox.com/scl/fi/vglcmyxajly0xyqe2ja71/1.jpg?rlkey=x3iedw3uvdjh10068kyrr829i&st=m17fts90&dl=0,131_1
https://www.dropbox.com/scl/fi/vglcmyxajly0xyqe2ja71/1.jpg?rlkey=x3iedw3uvdjh10068kyrr829i&st=m17fts90&dl=0,132_1
https://www.dropbox.com/scl/fi/vglcmyxajly0xyqe2ja71/1.jpg?rlkey=x3iedw3uvdjh10068kyrr829i&st=m17fts90&dl=0,133_1
https://www.dropbox.com/scl/fi/0373f8sxon5g3w2kmhv7f/EX-4.jpg?rlkey=ply5crmws842fxa1esert9tso&st=gi9e4lhb&dl=0,134_1
https://www.dropbox.com/scl/fi/0373f8sxon5g3w2kmhv7f/EX-4.jpg?rlkey=ply5crmws842fxa1esert9tso&st=gi9e4lhb&dl=0,135_1
https://www.dropbox.com/scl/fi/0373f8sxon5g3w2kmhv7f/EX-4.jpg?rlkey=ply5crmws842fxa1esert9tso&st=gi9e4lhb&dl=0,136_1
https://www.dropbox.com/scl/fi/zkwljbuqdp7evd581mqn9/1.jpg?rlkey=8rp2wy7yx313cvaf4m29jph5s&st=1q6o8kst&dl=0,137_1
https://www.dropbox.com/scl/fi/zkwljbuqdp7evd581mqn9/1.jpg?rlkey=8rp2wy7yx313cvaf4m29jph5s&st=1q6o8kst&dl=0,138_1
https://www.dropbox.com/scl/fi/zkwljbuqdp7evd581mqn9/1.jpg?rlkey=8rp2wy7yx313cvaf4m29jph5s&st=1q6o8kst&dl=0,139_1
https://www.dropbox.com/scl/fi/zkwljbuqdp7evd581mqn9/1.jpg?rlkey=8rp2wy7yx313cvaf4m29jph5s&st=1q6o8kst&dl=0,140_1
https://www.dropbox.com/scl/fi/zkwljbuqdp7evd581mqn9/1.jpg?rlkey=8rp2wy7yx313cvaf4m29jph5s&st=1q6o8kst&dl=0,141_1
https://www.dropbox.com/scl/fi/zkwljbuqdp7evd581mqn9/1.jpg?rlkey=8rp2wy7yx313cvaf4m29jph5s&st=1q6o8kst&dl=0,142_1
https://www.dropbox.com/scl/fi/zkwljbuqdp7evd581mqn9/1.jpg?rlkey=8rp2wy7yx313cvaf4m29jph5s&st=1q6o8kst&dl=0,143_1
https://www.dropbox.com/scl/fi/zkwljbuqdp7evd581mqn9/1.jpg?rlkey=8rp2wy7yx313cvaf4m29jph5s&st=1q6o8kst&dl=0,144_1
https://www.dropbox.com/scl/fi/9u228fna14v1rucrptvo4/EX-2.jpg?rlkey=achg9h8d28djt1e3xw6x20fum&st=cwpkchwg&dl=0,145_1
https://www.dropbox.com/scl/fi/9u228fna14v1rucrptvo4/EX-2.jpg?rlkey=achg9h8d28djt1e3xw6x20fum&st=cwpkchwg&dl=0,146_1
https://www.dropbox.com/scl/fi/zkwljbuqdp7evd581mqn9/1.jpg?rlkey=8rp2wy7yx313cvaf4m29jph5s&st=1q6o8kst&dl=0,147_1
https://www.dropbox.com/scl/fi/zkwljbuqdp7evd581mqn9/1.jpg?rlkey=8rp2wy7yx313cvaf4m29jph5s&st=1q6o8kst&dl=0,148_1
https://www.dropbox.com/scl/fi/9u228fna14v1rucrptvo4/EX-2.jpg?rlkey=achg9h8d28djt1e3xw6x20fum&st=cwpkchwg&dl=0,149_1
https://www.dropbox.com/scl/fi/9u228fna14v1rucrptvo4/EX-2.jpg?rlkey=achg9h8d28djt1e3xw6x20fum&st=cwpkchwg&dl=0,150_1
https://www.dropbox.com/scl/fi/zkwljbuqdp7evd581mqn9/1.jpg?rlkey=8rp2wy7yx313cvaf4m29jph5s&st=1q6o8kst&dl=0,151_1
https://www.dropbox.com/scl/fi/zkwljbuqdp7evd581mqn9/1.jpg?rlkey=8rp2wy7yx313cvaf4m29jph5s&st=1q6o8kst&dl=0,152_1
https://www.dropbox.com/scl/fi/zkwljbuqdp7evd581mqn9/1.jpg?rlkey=8rp2wy7yx313cvaf4m29jph5s&st=1q6o8kst&dl=0,153_1
https://www.dropbox.com/scl/fi/zkwljbuqdp7evd581mqn9/1.jpg?rlkey=8rp2wy7yx313cvaf4m29jph5s&st=1q6o8kst&dl=0,154_1
https://www.dropbox.com/scl/fi/zkwljbuqdp7evd581mqn9/1.jpg?rlkey=8rp2wy7yx313cvaf4m29jph5s&st=1q6o8kst&dl=0,155_1
https://www.dropbox.com/scl/fi/zkwljbuqdp7evd581mqn9/1.jpg?rlkey=8rp2wy7yx313cvaf4m29jph5s&st=1q6o8kst&dl=0,156_1
https://www.dropbox.com/scl/fi/zkwljbuqdp7evd581mqn9/1.jpg?rlkey=8rp2wy7yx313cvaf4m29jph5s&st=1q6o8kst&dl=0,157_1
https://www.dropbox.com/scl/fi/zkwljbuqdp7evd581mqn9/1.jpg?rlkey=8rp2wy7yx313cvaf4m29jph5s&st=1q6o8kst&dl=0,158_1
https://www.dropbox.com/scl/fi/zkwljbuqdp7evd581mqn9/1.jpg?rlkey=8rp2wy7yx313cvaf4m29jph5s&st=1q6o8kst&dl=0,159_1
https://www.dropbox.com/scl/fi/9u228fna14v1rucrptvo4/EX-2.jpg?rlkey=achg9h8d28djt1e3xw6x20fum&st=cwpkchwg&dl=0,160_1
https://www.dropbox.com/scl/fi/zkwljbuqdp7evd581mqn9/1.jpg?rlkey=8rp2wy7yx313cvaf4m29jph5s&st=1q6o8kst&dl=0,161_1
https://www.dropbox.com/scl/fi/zkwljbuqdp7evd581mqn9/1.jpg?rlkey=8rp2wy7yx313cvaf4m29jph5s&st=1q6o8kst&dl=0,162_1
https://www.dropbox.com/scl/fi/zkwljbuqdp7evd581mqn9/1.jpg?rlkey=8rp2wy7yx313cvaf4m29jph5s&st=1q6o8kst&dl=0,163_1
https://www.dropbox.com/scl/fi/zkwljbuqdp7evd581mqn9/1.jpg?rlkey=8rp2wy7yx313cvaf4m29jph5s&st=1q6o8kst&dl=0,164_1
https://www.dropbox.com/scl/fi/zkwljbuqdp7evd581mqn9/1.jpg?rlkey=8rp2wy7yx313cvaf4m29jph5s&st=1q6o8kst&dl=0,165_1
https://www.dropbox.com/scl/fi/zkwljbuqdp7evd581mqn9/1.jpg?rlkey=8rp2wy7yx313cvaf4m29jph5s&st=1q6o8kst&dl=0,166_1
https://www.dropbox.com/scl/fi/zkwljbuqdp7evd581mqn9/1.jpg?rlkey=8rp2wy7yx313cvaf4m29jph5s&st=1q6o8kst&dl=0,167_1
https://www.dropbox.com/scl/fi/9u228fna14v1rucrptvo4/EX-2.jpg?rlkey=achg9h8d28djt1e3xw6x20fum&st=cwpkchwg&dl=0,168_1
https://www.dropbox.com/scl/fi/zkwljbuqdp7evd581mqn9/1.jpg?rlkey=8rp2wy7yx313cvaf4m29jph5s&st=1q6o8kst&dl=0,169_1
https://www.dropbox.com/scl/fi/zkwljbuqdp7evd581mqn9/1.jpg?rlkey=8rp2wy7yx313cvaf4m29jph5s&st=1q6o8kst&dl=0,170_1
https://www.dropbox.com/scl/fi/9u228fna14v1rucrptvo4/EX-2.jpg?rlkey=achg9h8d28djt1e3xw6x20fum&st=cwpkchwg&dl=0,171_1
https://www.dropbox.com/scl/fi/zkwljbuqdp7evd581mqn9/1.jpg?rlkey=8rp2wy7yx313cvaf4m29jph5s&st=1q6o8kst&dl=0,172_1
https://www.dropbox.com/scl/fi/zkwljbuqdp7evd581mqn9/1.jpg?rlkey=8rp2wy7yx313cvaf4m29jph5s&st=1q6o8kst&dl=0,173_1
https://www.dropbox.com/scl/fi/zkwljbuqdp7evd581mqn9/1.jpg?rlkey=8rp2wy7yx313cvaf4m29jph5s&st=1q6o8kst&dl=0,174_1
https://www.dropbox.com/scl/fi/zkwljbuqdp7evd581mqn9/1.jpg?rlkey=8rp2wy7yx313cvaf4m29jph5s&st=1q6o8kst&dl=0,175_1
https://www.dropbox.com/scl/fi/zkwljbuqdp7evd581mqn9/1.jpg?rlkey=8rp2wy7yx313cvaf4m29jph5s&st=1q6o8kst&dl=0,176_1
https://www.dropbox.com/scl/fi/zkwljbuqdp7evd581mqn9/1.jpg?rlkey=8rp2wy7yx313cvaf4m29jph5s&st=1q6o8kst&dl=0,177_1
https://www.dropbox.com/scl/fi/zkwljbuqdp7evd581mqn9/1.jpg?rlkey=8rp2wy7yx313cvaf4m29jph5s&st=1q6o8kst&dl=0,178_1
https://www.dropbox.com/scl/fi/zkwljbuqdp7evd581mqn9/1.jpg?rlkey=8rp2wy7yx313cvaf4m29jph5s&st=1q6o8kst&dl=0,179_1
https://www.dropbox.com/scl/fi/zkwljbuqdp7evd581mqn9/1.jpg?rlkey=8rp2wy7yx313cvaf4m29jph5s&st=1q6o8kst&dl=0,180_1
https://www.dropbox.com/scl/fi/zkwljbuqdp7evd581mqn9/1.jpg?rlkey=8rp2wy7yx313cvaf4m29jph5s&st=1q6o8kst&dl=0,181_1
https://www.dropbox.com/scl/fi/zkwljbuqdp7evd581mqn9/1.jpg?rlkey=8rp2wy7yx313cvaf4m29jph5s&st=1q6o8kst&dl=0,182_1
https://www.dropbox.com/scl/fi/zkwljbuqdp7evd581mqn9/1.jpg?rlkey=8rp2wy7yx313cvaf4m29jph5s&st=1q6o8kst&dl=0,183_1
https://www.dropbox.com/scl/fi/zkwljbuqdp7evd581mqn9/1.jpg?rlkey=8rp2wy7yx313cvaf4m29jph5s&st=1q6o8kst&dl=0,184_1
https://www.dropbox.com/scl/fi/zkwljbuqdp7evd581mqn9/1.jpg?rlkey=8rp2wy7yx313cvaf4m29jph5s&st=1q6o8kst&dl=0,185_1
https://www.dropbox.com/scl/fi/zkwljbuqdp7evd581mqn9/1.jpg?rlkey=8rp2wy7yx313cvaf4m29jph5s&st=1q6o8kst&dl=0,186_1
https://www.dropbox.com/scl/fi/zkwljbuqdp7evd581mqn9/1.jpg?rlkey=8rp2wy7yx313cvaf4m29jph5s&st=1q6o8kst&dl=0,187_1
https://www.dropbox.com/scl/fi/zkwljbuqdp7evd581mqn9/1.jpg?rlkey=8rp2wy7yx313cvaf4m29jph5s&st=1q6o8kst&dl=0,188_1
https://www.dropbox.com/scl/fi/zkwljbuqdp7evd581mqn9/1.jpg?rlkey=8rp2wy7yx313cvaf4m29jph5s&st=1q6o8kst&dl=0,189_1
https://www.dropbox.com/scl/fi/zkwljbuqdp7evd581mqn9/1.jpg?rlkey=8rp2wy7yx313cvaf4m29jph5s&st=1q6o8kst&dl=0,190_1
https://www.dropbox.com/scl/fi/9u228fna14v1rucrptvo4/EX-2.jpg?rlkey=achg9h8d28djt1e3xw6x20fum&st=cwpkchwg&dl=0,191_1
https://www.dropbox.com/scl/fi/9u228fna14v1rucrptvo4/EX-2.jpg?rlkey=achg9h8d28djt1e3xw6x20fum&st=cwpkchwg&dl=0,192_1
https://www.dropbox.com/scl/fi/ltqkwcbdjnhn7l9vnoofd/Exter.png?rlkey=pmhv569f82dg7l1m3pilrh1n9&st=jx63fwda&dl=0,193_1
https://www.dropbox.com/scl/fi/zkwljbuqdp7evd581mqn9/1.jpg?rlkey=8rp2wy7yx313cvaf4m29jph5s&st=1q6o8kst&dl=0,194_1
https://www.dropbox.com/scl/fi/zkwljbuqdp7evd581mqn9/1.jpg?rlkey=8rp2wy7yx313cvaf4m29jph5s&st=1q6o8kst&dl=0,195_1
https://www.dropbox.com/scl/fi/zkwljbuqdp7evd581mqn9/1.jpg?rlkey=8rp2wy7yx313cvaf4m29jph5s&st=1q6o8kst&dl=0,196_1
https://www.dropbox.com/scl/fi/zkwljbuqdp7evd581mqn9/1.jpg?rlkey=8rp2wy7yx313cvaf4m29jph5s&st=1q6o8kst&dl=0,197_1
https://www.dropbox.com/scl/fi/zkwljbuqdp7evd581mqn9/1.jpg?rlkey=8rp2wy7yx313cvaf4m29jph5s&st=1q6o8kst&dl=0,198_1
https://www.dropbox.com/scl/fi/9u228fna14v1rucrptvo4/EX-2.jpg?rlkey=achg9h8d28djt1e3xw6x20fum&st=cwpkchwg&dl=0,199_1
https://www.dropbox.com/scl/fi/zkwljbuqdp7evd581mqn9/1.jpg?rlkey=8rp2wy7yx313cvaf4m29jph5s&st=1q6o8kst&dl=0,200_1
https://www.dropbox.com/scl/fi/zkwljbuqdp7evd581mqn9/1.jpg?rlkey=8rp2wy7yx313cvaf4m29jph5s&st=1q6o8kst&dl=0,201_1
https://www.dropbox.com/scl/fi/9u228fna14v1rucrptvo4/EX-2.jpg?rlkey=achg9h8d28djt1e3xw6x20fum&st=cwpkchwg&dl=0,202_1
https://www.dropbox.com/scl/fi/9u228fna14v1rucrptvo4/EX-2.jpg?rlkey=achg9h8d28djt1e3xw6x20fum&st=cwpkchwg&dl=0,203_1
https://www.dropbox.com/scl/fi/9u228fna14v1rucrptvo4/EX-2.jpg?rlkey=achg9h8d28djt1e3xw6x20fum&st=cwpkchwg&dl=0,204_1
https://www.dropbox.com/scl/fi/zkwljbuqdp7evd581mqn9/1.jpg?rlkey=8rp2wy7yx313cvaf4m29jph5s&st=1q6o8kst&dl=0,205_1
https://www.dropbox.com/scl/fi/zkwljbuqdp7evd581mqn9/1.jpg?rlkey=8rp2wy7yx313cvaf4m29jph5s&st=1q6o8kst&dl=0,206_1
https://www.dropbox.com/scl/fi/zkwljbuqdp7evd581mqn9/1.jpg?rlkey=8rp2wy7yx313cvaf4m29jph5s&st=1q6o8kst&dl=0,207_1
https://www.dropbox.com/scl/fi/zkwljbuqdp7evd581mqn9/1.jpg?rlkey=8rp2wy7yx313cvaf4m29jph5s&st=1q6o8kst&dl=0,208_1
https://www.dropbox.com/scl/fi/zkwljbuqdp7evd581mqn9/1.jpg?rlkey=8rp2wy7yx313cvaf4m29jph5s&st=1q6o8kst&dl=0,209_1
https://www.dropbox.com/scl/fi/9u228fna14v1rucrptvo4/EX-2.jpg?rlkey=achg9h8d28djt1e3xw6x20fum&st=cwpkchwg&dl=0,210_1
https://www.dropbox.com/scl/fi/9u228fna14v1rucrptvo4/EX-2.jpg?rlkey=achg9h8d28djt1e3xw6x20fum&st=cwpkchwg&dl=0,211_1
https://www.dropbox.com/scl/fi/9u228fna14v1rucrptvo4/EX-2.jpg?rlkey=achg9h8d28djt1e3xw6x20fum&st=cwpkchwg&dl=0,212_1
https://www.dropbox.com/scl/fi/9u228fna14v1rucrptvo4/EX-2.jpg?rlkey=achg9h8d28djt1e3xw6x20fum&st=cwpkchwg&dl=0,213_1
https://www.dropbox.com/scl/fi/9u228fna14v1rucrptvo4/EX-2.jpg?rlkey=achg9h8d28djt1e3xw6x20fum&st=cwpkchwg&dl=0,214_1
https://www.dropbox.com/scl/fi/9u228fna14v1rucrptvo4/EX-2.jpg?rlkey=achg9h8d28djt1e3xw6x20fum&st=cwpkchwg&dl=0,215_1
https://www.dropbox.com/scl/fi/9u228fna14v1rucrptvo4/EX-2.jpg?rlkey=achg9h8d28djt1e3xw6x20fum&st=cwpkchwg&dl=0,216_1
https://www.dropbox.com/scl/fi/zkwljbuqdp7evd581mqn9/1.jpg?rlkey=8rp2wy7yx313cvaf4m29jph5s&st=1q6o8kst&dl=0,217_1
https://www.dropbox.com/scl/fi/zkwljbuqdp7evd581mqn9/1.jpg?rlkey=8rp2wy7yx313cvaf4m29jph5s&st=1q6o8kst&dl=0,218_1
https://www.dropbox.com/scl/fi/zkwljbuqdp7evd581mqn9/1.jpg?rlkey=8rp2wy7yx313cvaf4m29jph5s&st=1q6o8kst&dl=0,219_1
https://www.dropbox.com/scl/fi/zkwljbuqdp7evd581mqn9/1.jpg?rlkey=8rp2wy7yx313cvaf4m29jph5s&st=1q6o8kst&dl=0,220_1
https://www.dropbox.com/scl/fi/zkwljbuqdp7evd581mqn9/1.jpg?rlkey=8rp2wy7yx313cvaf4m29jph5s&st=1q6o8kst&dl=0,221_1
https://www.dropbox.com/scl/fi/zkwljbuqdp7evd581mqn9/1.jpg?rlkey=8rp2wy7yx313cvaf4m29jph5s&st=1q6o8kst&dl=0,222_1
https://www.dropbox.com/scl/fi/zkwljbuqdp7evd581mqn9/1.jpg?rlkey=8rp2wy7yx313cvaf4m29jph5s&st=1q6o8kst&dl=0,223_1
https://www.dropbox.com/scl/fi/zkwljbuqdp7evd581mqn9/1.jpg?rlkey=8rp2wy7yx313cvaf4m29jph5s&st=1q6o8kst&dl=0,224_1
https://www.dropbox.com/scl/fi/zkwljbuqdp7evd581mqn9/1.jpg?rlkey=8rp2wy7yx313cvaf4m29jph5s&st=1q6o8kst&dl=0,225_1
https://www.dropbox.com/scl/fi/zkwljbuqdp7evd581mqn9/1.jpg?rlkey=8rp2wy7yx313cvaf4m29jph5s&st=1q6o8kst&dl=0,226_1
https://www.dropbox.com/scl/fi/zkwljbuqdp7evd581mqn9/1.jpg?rlkey=8rp2wy7yx313cvaf4m29jph5s&st=1q6o8kst&dl=0,227_1
https://www.dropbox.com/scl/fi/zkwljbuqdp7evd581mqn9/1.jpg?rlkey=8rp2wy7yx313cvaf4m29jph5s&st=1q6o8kst&dl=0,228_1
https://www.dropbox.com/scl/fi/zkwljbuqdp7evd581mqn9/1.jpg?rlkey=8rp2wy7yx313cvaf4m29jph5s&st=1q6o8kst&dl=0,229_1
https://www.dropbox.com/scl/fi/zkwljbuqdp7evd581mqn9/1.jpg?rlkey=8rp2wy7yx313cvaf4m29jph5s&st=1q6o8kst&dl=0,230_1
https://www.dropbox.com/scl/fi/zkwljbuqdp7evd581mqn9/1.jpg?rlkey=8rp2wy7yx313cvaf4m29jph5s&st=1q6o8kst&dl=0,231_1
https://www.dropbox.com/scl/fi/zkwljbuqdp7evd581mqn9/1.jpg?rlkey=8rp2wy7yx313cvaf4m29jph5s&st=1q6o8kst&dl=0,232_1
https://www.dropbox.com/scl/fi/zkwljbuqdp7evd581mqn9/1.jpg?rlkey=8rp2wy7yx313cvaf4m29jph5s&st=1q6o8kst&dl=0,233_1
https://www.dropbox.com/scl/fi/9u228fna14v1rucrptvo4/EX-2.jpg?rlkey=achg9h8d28djt1e3xw6x20fum&st=cwpkchwg&dl=0,234_1
https://www.dropbox.com/scl/fi/9u228fna14v1rucrptvo4/EX-2.jpg?rlkey=achg9h8d28djt1e3xw6x20fum&st=cwpkchwg&dl=0,235_1
https://www.dropbox.com/scl/fi/zkwljbuqdp7evd581mqn9/1.jpg?rlkey=8rp2wy7yx313cvaf4m29jph5s&st=1q6o8kst&dl=0,236_1
https://www.dropbox.com/scl/fi/zkwljbuqdp7evd581mqn9/1.jpg?rlkey=8rp2wy7yx313cvaf4m29jph5s&st=1q6o8kst&dl=0,237_1
https://www.dropbox.com/scl/fi/zkwljbuqdp7evd581mqn9/1.jpg?rlkey=8rp2wy7yx313cvaf4m29jph5s&st=1q6o8kst&dl=0,238_1
https://www.dropbox.com/scl/fi/9u228fna14v1rucrptvo4/EX-2.jpg?rlkey=achg9h8d28djt1e3xw6x20fum&st=cwpkchwg&dl=0,239_1
https://www.dropbox.com/scl/fi/zgnll7aa8gzx9bzz3ecpq/punch.png?rlkey=jc34ctj9m5dec5u5memihg6fp&st=0xm40brg&dl=0,240_1
https://www.dropbox.com/scl/fi/zkwljbuqdp7evd581mqn9/1.jpg?rlkey=8rp2wy7yx313cvaf4m29jph5s&st=1q6o8kst&dl=0,241_1
https://www.dropbox.com/scl/fi/9u228fna14v1rucrptvo4/EX-2.jpg?rlkey=achg9h8d28djt1e3xw6x20fum&st=cwpkchwg&dl=0,242_1
https://www.dropbox.com/scl/fi/9u228fna14v1rucrptvo4/EX-2.jpg?rlkey=achg9h8d28djt1e3xw6x20fum&st=cwpkchwg&dl=0,243_1
https://www.dropbox.com/scl/fi/zkwljbuqdp7evd581mqn9/1.jpg?rlkey=8rp2wy7yx313cvaf4m29jph5s&st=1q6o8kst&dl=0,244_1
https://www.dropbox.com/scl/fi/zkwljbuqdp7evd581mqn9/1.jpg?rlkey=8rp2wy7yx313cvaf4m29jph5s&st=1q6o8kst&dl=0,245_1
https://www.dropbox.com/scl/fi/9u228fna14v1rucrptvo4/EX-2.jpg?rlkey=achg9h8d28djt1e3xw6x20fum&st=cwpkchwg&dl=0,246_1
https://www.dropbox.com/scl/fi/zkwljbuqdp7evd581mqn9/1.jpg?rlkey=8rp2wy7yx313cvaf4m29jph5s&st=1q6o8kst&dl=0,247_1
https://www.dropbox.com/scl/fi/zkwljbuqdp7evd581mqn9/1.jpg?rlkey=8rp2wy7yx313cvaf4m29jph5s&st=1q6o8kst&dl=0,248_1
https://www.dropbox.com/scl/fi/zkwljbuqdp7evd581mqn9/1.jpg?rlkey=8rp2wy7yx313cvaf4m29jph5s&st=1q6o8kst&dl=0,249_1
https://www.dropbox.com/scl/fi/9u228fna14v1rucrptvo4/EX-2.jpg?rlkey=achg9h8d28djt1e3xw6x20fum&st=cwpkchwg&dl=0,250_1
https://www.dropbox.com/scl/fi/zkwljbuqdp7evd581mqn9/1.jpg?rlkey=8rp2wy7yx313cvaf4m29jph5s&st=1q6o8kst&dl=0,251_1
https://www.dropbox.com/scl/fi/9u228fna14v1rucrptvo4/EX-2.jpg?rlkey=achg9h8d28djt1e3xw6x20fum&st=cwpkchwg&dl=0,252_1
https://www.dropbox.com/scl/fi/9u228fna14v1rucrptvo4/EX-2.jpg?rlkey=achg9h8d28djt1e3xw6x20fum&st=cwpkchwg&dl=0,253_1
https://www.dropbox.com/scl/fi/zkwljbuqdp7evd581mqn9/1.jpg?rlkey=8rp2wy7yx313cvaf4m29jph5s&st=1q6o8kst&dl=0,254_1
https://www.dropbox.com/scl/fi/zkwljbuqdp7evd581mqn9/1.jpg?rlkey=8rp2wy7yx313cvaf4m29jph5s&st=1q6o8kst&dl=0,255_1
https://www.dropbox.com/scl/fi/zkwljbuqdp7evd581mqn9/1.jpg?rlkey=8rp2wy7yx313cvaf4m29jph5s&st=1q6o8kst&dl=0,256_1
https://www.dropbox.com/scl/fi/9u228fna14v1rucrptvo4/EX-2.jpg?rlkey=achg9h8d28djt1e3xw6x20fum&st=cwpkchwg&dl=0,257_1
https://www.dropbox.com/scl/fi/9u228fna14v1rucrptvo4/EX-2.jpg?rlkey=achg9h8d28djt1e3xw6x20fum&st=cwpkchwg&dl=0,258_1
https://www.dropbox.com/scl/fi/9u228fna14v1rucrptvo4/EX-2.jpg?rlkey=achg9h8d28djt1e3xw6x20fum&st=cwpkchwg&dl=0,259_1
https://www.dropbox.com/scl/fi/zkwljbuqdp7evd581mqn9/1.jpg?rlkey=8rp2wy7yx313cvaf4m29jph5s&st=1q6o8kst&dl=0,260_1
https://www.dropbox.com/scl/fi/zkwljbuqdp7evd581mqn9/1.jpg?rlkey=8rp2wy7yx313cvaf4m29jph5s&st=1q6o8kst&dl=0,261_1
https://www.dropbox.com/scl/fi/zkwljbuqdp7evd581mqn9/1.jpg?rlkey=8rp2wy7yx313cvaf4m29jph5s&st=1q6o8kst&dl=0,262_1
https://www.dropbox.com/scl/fi/zkwljbuqdp7evd581mqn9/1.jpg?rlkey=8rp2wy7yx313cvaf4m29jph5s&st=1q6o8kst&dl=0,263_1
https://www.dropbox.com/scl/fi/zkwljbuqdp7evd581mqn9/1.jpg?rlkey=8rp2wy7yx313cvaf4m29jph5s&st=1q6o8kst&dl=0,264_1
https://www.dropbox.com/scl/fi/zkwljbuqdp7evd581mqn9/1.jpg?rlkey=8rp2wy7yx313cvaf4m29jph5s&st=1q6o8kst&dl=0,265_1
https://www.dropbox.com/scl/fi/zkwljbuqdp7evd581mqn9/1.jpg?rlkey=8rp2wy7yx313cvaf4m29jph5s&st=1q6o8kst&dl=0,266_1
https://www.dropbox.com/scl/fi/zkwljbuqdp7evd581mqn9/1.jpg?rlkey=8rp2wy7yx313cvaf4m29jph5s&st=1q6o8kst&dl=0,267_1
https://www.dropbox.com/scl/fi/zkwljbuqdp7evd581mqn9/1.jpg?rlkey=8rp2wy7yx313cvaf4m29jph5s&st=1q6o8kst&dl=0,268_1
https://www.dropbox.com/scl/fi/zkwljbuqdp7evd581mqn9/1.jpg?rlkey=8rp2wy7yx313cvaf4m29jph5s&st=1q6o8kst&dl=0,269_1
https://www.dropbox.com/scl/fi/9u228fna14v1rucrptvo4/EX-2.jpg?rlkey=achg9h8d28djt1e3xw6x20fum&st=cwpkchwg&dl=0,270_1
https://www.dropbox.com/scl/fi/9u228fna14v1rucrptvo4/EX-2.jpg?rlkey=achg9h8d28djt1e3xw6x20fum&st=cwpkchwg&dl=0,271_1
https://www.dropbox.com/scl/fi/9u228fna14v1rucrptvo4/EX-2.jpg?rlkey=achg9h8d28djt1e3xw6x20fum&st=cwpkchwg&dl=0,272_1
https://www.dropbox.com/scl/fi/vv6c5hh4f63f5cljz0f37/2.jpg?rlkey=ggg6533k06yx09thyqyws71dl&st=fsq52psq&dl=0,1_2
https://www.dropbox.com/scl/fi/vv6c5hh4f63f5cljz0f37/2.jpg?rlkey=ggg6533k06yx09thyqyws71dl&st=fsq52psq&dl=0,2_2
https://www.dropbox.com/scl/fi/vv6c5hh4f63f5cljz0f37/2.jpg?rlkey=ggg6533k06yx09thyqyws71dl&st=fsq52psq&dl=0,3_2
https://www.dropbox.com/scl/fi/vv6c5hh4f63f5cljz0f37/2.jpg?rlkey=ggg6533k06yx09thyqyws71dl&st=fsq52psq&dl=0,4_2
https://www.dropbox.com/scl/fi/vv6c5hh4f63f5cljz0f37/2.jpg?rlkey=ggg6533k06yx09thyqyws71dl&st=fsq52psq&dl=0,5_2
https://www.dropbox.com/scl/fi/vv6c5hh4f63f5cljz0f37/2.jpg?rlkey=ggg6533k06yx09thyqyws71dl&st=fsq52psq&dl=0,6_2
https://www.dropbox.com/scl/fi/vv6c5hh4f63f5cljz0f37/2.jpg?rlkey=ggg6533k06yx09thyqyws71dl&st=fsq52psq&dl=0,7_2
https://www.dropbox.com/scl/fi/vv6c5hh4f63f5cljz0f37/2.jpg?rlkey=ggg6533k06yx09thyqyws71dl&st=fsq52psq&dl=0,8_2
https://www.dropbox.com/scl/fi/zcbcobrjfzur1jad4qwvs/EX-1.jpg?rlkey=7vkb5l16l2cyf40bmzoqvxfcq&st=jo1s2e0t&dl=0,9_2
https://www.dropbox.com/scl/fi/zcbcobrjfzur1jad4qwvs/EX-1.jpg?rlkey=7vkb5l16l2cyf40bmzoqvxfcq&st=jo1s2e0t&dl=0,10_2
https://www.dropbox.com/scl/fi/vv6c5hh4f63f5cljz0f37/2.jpg?rlkey=ggg6533k06yx09thyqyws71dl&st=fsq52psq&dl=0,11_2
https://www.dropbox.com/scl/fi/vv6c5hh4f63f5cljz0f37/2.jpg?rlkey=ggg6533k06yx09thyqyws71dl&st=fsq52psq&dl=0,12_2
https://www.dropbox.com/scl/fi/vv6c5hh4f63f5cljz0f37/2.jpg?rlkey=ggg6533k06yx09thyqyws71dl&st=fsq52psq&dl=0,13_2
https://www.dropbox.com/scl/fi/zcbcobrjfzur1jad4qwvs/EX-1.jpg?rlkey=7vkb5l16l2cyf40bmzoqvxfcq&st=jo1s2e0t&dl=0,14_2
https://www.dropbox.com/scl/fi/vv6c5hh4f63f5cljz0f37/2.jpg?rlkey=ggg6533k06yx09thyqyws71dl&st=fsq52psq&dl=0,15_2
https://www.dropbox.com/scl/fi/vv6c5hh4f63f5cljz0f37/2.jpg?rlkey=ggg6533k06yx09thyqyws71dl&st=fsq52psq&dl=0,16_2
https://www.dropbox.com/scl/fi/vv6c5hh4f63f5cljz0f37/2.jpg?rlkey=ggg6533k06yx09thyqyws71dl&st=fsq52psq&dl=0,17_2
https://www.dropbox.com/scl/fi/vv6c5hh4f63f5cljz0f37/2.jpg?rlkey=ggg6533k06yx09thyqyws71dl&st=fsq52psq&dl=0,18_2
https://www.dropbox.com/scl/fi/vv6c5hh4f63f5cljz0f37/2.jpg?rlkey=ggg6533k06yx09thyqyws71dl&st=fsq52psq&dl=0,19_2
https://www.dropbox.com/scl/fi/vv6c5hh4f63f5cljz0f37/2.jpg?rlkey=ggg6533k06yx09thyqyws71dl&st=fsq52psq&dl=0,20_2
https://www.dropbox.com/scl/fi/vv6c5hh4f63f5cljz0f37/2.jpg?rlkey=ggg6533k06yx09thyqyws71dl&st=fsq52psq&dl=0,21_2
https://www.dropbox.com/scl/fi/vv6c5hh4f63f5cljz0f37/2.jpg?rlkey=ggg6533k06yx09thyqyws71dl&st=fsq52psq&dl=0,22_2
https://www.dropbox.com/scl/fi/vv6c5hh4f63f5cljz0f37/2.jpg?rlkey=ggg6533k06yx09thyqyws71dl&st=fsq52psq&dl=0,23_2
https://www.dropbox.com/scl/fi/zcbcobrjfzur1jad4qwvs/EX-1.jpg?rlkey=7vkb5l16l2cyf40bmzoqvxfcq&st=jo1s2e0t&dl=0,24_2
https://www.dropbox.com/scl/fi/vv6c5hh4f63f5cljz0f37/2.jpg?rlkey=ggg6533k06yx09thyqyws71dl&st=fsq52psq&dl=0,25_2
https://www.dropbox.com/scl/fi/vv6c5hh4f63f5cljz0f37/2.jpg?rlkey=ggg6533k06yx09thyqyws71dl&st=fsq52psq&dl=0,26_2
https://www.dropbox.com/scl/fi/vv6c5hh4f63f5cljz0f37/2.jpg?rlkey=ggg6533k06yx09thyqyws71dl&st=fsq52psq&dl=0,27_2
https://www.dropbox.com/scl/fi/vv6c5hh4f63f5cljz0f37/2.jpg?rlkey=ggg6533k06yx09thyqyws71dl&st=fsq52psq&dl=0,28_2
https://www.dropbox.com/scl/fi/vv6c5hh4f63f5cljz0f37/2.jpg?rlkey=ggg6533k06yx09thyqyws71dl&st=fsq52psq&dl=0,29_2
https://www.dropbox.com/scl/fi/vv6c5hh4f63f5cljz0f37/2.jpg?rlkey=ggg6533k06yx09thyqyws71dl&st=fsq52psq&dl=0,30_2
https://www.dropbox.com/scl/fi/vv6c5hh4f63f5cljz0f37/2.jpg?rlkey=ggg6533k06yx09thyqyws71dl&st=fsq52psq&dl=0,31_2
https://www.dropbox.com/scl/fi/zcbcobrjfzur1jad4qwvs/EX-1.jpg?rlkey=7vkb5l16l2cyf40bmzoqvxfcq&st=jo1s2e0t&dl=0,32_2
https://www.dropbox.com/scl/fi/vv6c5hh4f63f5cljz0f37/2.jpg?rlkey=ggg6533k06yx09thyqyws71dl&st=fsq52psq&dl=0,33_2
https://www.dropbox.com/scl/fi/vv6c5hh4f63f5cljz0f37/2.jpg?rlkey=ggg6533k06yx09thyqyws71dl&st=fsq52psq&dl=0,34_2
https://www.dropbox.com/scl/fi/zcbcobrjfzur1jad4qwvs/EX-1.jpg?rlkey=7vkb5l16l2cyf40bmzoqvxfcq&st=jo1s2e0t&dl=0,35_2
https://www.dropbox.com/scl/fi/vv6c5hh4f63f5cljz0f37/2.jpg?rlkey=ggg6533k06yx09thyqyws71dl&st=fsq52psq&dl=0,36_2
https://www.dropbox.com/scl/fi/vv6c5hh4f63f5cljz0f37/2.jpg?rlkey=ggg6533k06yx09thyqyws71dl&st=fsq52psq&dl=0,37_2
https://www.dropbox.com/scl/fi/vv6c5hh4f63f5cljz0f37/2.jpg?rlkey=ggg6533k06yx09thyqyws71dl&st=fsq52psq&dl=0,38_2
https://www.dropbox.com/scl/fi/vv6c5hh4f63f5cljz0f37/2.jpg?rlkey=ggg6533k06yx09thyqyws71dl&st=fsq52psq&dl=0,39_2
https://www.dropbox.com/scl/fi/vv6c5hh4f63f5cljz0f37/2.jpg?rlkey=ggg6533k06yx09thyqyws71dl&st=fsq52psq&dl=0,40_2
https://www.dropbox.com/scl/fi/vv6c5hh4f63f5cljz0f37/2.jpg?rlkey=ggg6533k06yx09thyqyws71dl&st=fsq52psq&dl=0,41_2
https://www.dropbox.com/scl/fi/vv6c5hh4f63f5cljz0f37/2.jpg?rlkey=ggg6533k06yx09thyqyws71dl&st=fsq52psq&dl=0,42_2
https://www.dropbox.com/scl/fi/vv6c5hh4f63f5cljz0f37/2.jpg?rlkey=ggg6533k06yx09thyqyws71dl&st=fsq52psq&dl=0,43_2
https://www.dropbox.com/scl/fi/vv6c5hh4f63f5cljz0f37/2.jpg?rlkey=ggg6533k06yx09thyqyws71dl&st=fsq52psq&dl=0,44_2
https://www.dropbox.com/scl/fi/vv6c5hh4f63f5cljz0f37/2.jpg?rlkey=ggg6533k06yx09thyqyws71dl&st=fsq52psq&dl=0,45_2
https://www.dropbox.com/scl/fi/vv6c5hh4f63f5cljz0f37/2.jpg?rlkey=ggg6533k06yx09thyqyws71dl&st=fsq52psq&dl=0,46_2
https://www.dropbox.com/scl/fi/vv6c5hh4f63f5cljz0f37/2.jpg?rlkey=ggg6533k06yx09thyqyws71dl&st=fsq52psq&dl=0,47_2
https://www.dropbox.com/scl/fi/vv6c5hh4f63f5cljz0f37/2.jpg?rlkey=ggg6533k06yx09thyqyws71dl&st=fsq52psq&dl=0,48_2
https://www.dropbox.com/scl/fi/vv6c5hh4f63f5cljz0f37/2.jpg?rlkey=ggg6533k06yx09thyqyws71dl&st=fsq52psq&dl=0,49_2
https://www.dropbox.com/scl/fi/vv6c5hh4f63f5cljz0f37/2.jpg?rlkey=ggg6533k06yx09thyqyws71dl&st=fsq52psq&dl=0,50_2
https://www.dropbox.com/scl/fi/vv6c5hh4f63f5cljz0f37/2.jpg?rlkey=ggg6533k06yx09thyqyws71dl&st=fsq52psq&dl=0,51_2
https://www.dropbox.com/scl/fi/vv6c5hh4f63f5cljz0f37/2.jpg?rlkey=ggg6533k06yx09thyqyws71dl&st=fsq52psq&dl=0,52_2
https://www.dropbox.com/scl/fi/vv6c5hh4f63f5cljz0f37/2.jpg?rlkey=ggg6533k06yx09thyqyws71dl&st=fsq52psq&dl=0,53_2
https://www.dropbox.com/scl/fi/vv6c5hh4f63f5cljz0f37/2.jpg?rlkey=ggg6533k06yx09thyqyws71dl&st=fsq52psq&dl=0,54_2
https://www.dropbox.com/scl/fi/zcbcobrjfzur1jad4qwvs/EX-1.jpg?rlkey=7vkb5l16l2cyf40bmzoqvxfcq&st=jo1s2e0t&dl=0,55_2
https://www.dropbox.com/scl/fi/zcbcobrjfzur1jad4qwvs/EX-1.jpg?rlkey=7vkb5l16l2cyf40bmzoqvxfcq&st=jo1s2e0t&dl=0,56_2
https://www.dropbox.com/scl/fi/zcbcobrjfzur1jad4qwvs/EX-1.jpg?rlkey=7vkb5l16l2cyf40bmzoqvxfcq&st=jo1s2e0t&dl=0,57_2
https://www.dropbox.com/scl/fi/vv6c5hh4f63f5cljz0f37/2.jpg?rlkey=ggg6533k06yx09thyqyws71dl&st=fsq52psq&dl=0,58_2
https://www.dropbox.com/scl/fi/vv6c5hh4f63f5cljz0f37/2.jpg?rlkey=ggg6533k06yx09thyqyws71dl&st=fsq52psq&dl=0,59_2
https://www.dropbox.com/scl/fi/vv6c5hh4f63f5cljz0f37/2.jpg?rlkey=ggg6533k06yx09thyqyws71dl&st=fsq52psq&dl=0,60_2
https://www.dropbox.com/scl/fi/vv6c5hh4f63f5cljz0f37/2.jpg?rlkey=ggg6533k06yx09thyqyws71dl&st=fsq52psq&dl=0,61_2
https://www.dropbox.com/scl/fi/vv6c5hh4f63f5cljz0f37/2.jpg?rlkey=ggg6533k06yx09thyqyws71dl&st=fsq52psq&dl=0,62_2
https://www.dropbox.com/scl/fi/zcbcobrjfzur1jad4qwvs/EX-1.jpg?rlkey=7vkb5l16l2cyf40bmzoqvxfcq&st=jo1s2e0t&dl=0,63_2
https://www.dropbox.com/scl/fi/vv6c5hh4f63f5cljz0f37/2.jpg?rlkey=ggg6533k06yx09thyqyws71dl&st=fsq52psq&dl=0,64_2
https://www.dropbox.com/scl/fi/vv6c5hh4f63f5cljz0f37/2.jpg?rlkey=ggg6533k06yx09thyqyws71dl&st=fsq52psq&dl=0,65_2
https://www.dropbox.com/scl/fi/zcbcobrjfzur1jad4qwvs/EX-1.jpg?rlkey=7vkb5l16l2cyf40bmzoqvxfcq&st=jo1s2e0t&dl=0,66_2
https://www.dropbox.com/scl/fi/zcbcobrjfzur1jad4qwvs/EX-1.jpg?rlkey=7vkb5l16l2cyf40bmzoqvxfcq&st=jo1s2e0t&dl=0,67_2
https://www.dropbox.com/scl/fi/zcbcobrjfzur1jad4qwvs/EX-1.jpg?rlkey=7vkb5l16l2cyf40bmzoqvxfcq&st=jo1s2e0t&dl=0,68_2
https://www.dropbox.com/scl/fi/vv6c5hh4f63f5cljz0f37/2.jpg?rlkey=ggg6533k06yx09thyqyws71dl&st=fsq52psq&dl=0,69_2
https://www.dropbox.com/scl/fi/vv6c5hh4f63f5cljz0f37/2.jpg?rlkey=ggg6533k06yx09thyqyws71dl&st=fsq52psq&dl=0,70_2
https://www.dropbox.com/scl/fi/vv6c5hh4f63f5cljz0f37/2.jpg?rlkey=ggg6533k06yx09thyqyws71dl&st=fsq52psq&dl=0,71_2
https://www.dropbox.com/scl/fi/vv6c5hh4f63f5cljz0f37/2.jpg?rlkey=ggg6533k06yx09thyqyws71dl&st=fsq52psq&dl=0,72_2
https://www.dropbox.com/scl/fi/vv6c5hh4f63f5cljz0f37/2.jpg?rlkey=ggg6533k06yx09thyqyws71dl&st=fsq52psq&dl=0,73_2
https://www.dropbox.com/scl/fi/zcbcobrjfzur1jad4qwvs/EX-1.jpg?rlkey=7vkb5l16l2cyf40bmzoqvxfcq&st=jo1s2e0t&dl=0,74_2
https://www.dropbox.com/scl/fi/zcbcobrjfzur1jad4qwvs/EX-1.jpg?rlkey=7vkb5l16l2cyf40bmzoqvxfcq&st=jo1s2e0t&dl=0,75_2
https://www.dropbox.com/scl/fi/zcbcobrjfzur1jad4qwvs/EX-1.jpg?rlkey=7vkb5l16l2cyf40bmzoqvxfcq&st=jo1s2e0t&dl=0,76_2
https://www.dropbox.com/scl/fi/zcbcobrjfzur1jad4qwvs/EX-1.jpg?rlkey=7vkb5l16l2cyf40bmzoqvxfcq&st=jo1s2e0t&dl=0,77_2
https://www.dropbox.com/scl/fi/zcbcobrjfzur1jad4qwvs/EX-1.jpg?rlkey=7vkb5l16l2cyf40bmzoqvxfcq&st=jo1s2e0t&dl=0,78_2
https://www.dropbox.com/scl/fi/zcbcobrjfzur1jad4qwvs/EX-1.jpg?rlkey=7vkb5l16l2cyf40bmzoqvxfcq&st=jo1s2e0t&dl=0,79_2
https://www.dropbox.com/scl/fi/zcbcobrjfzur1jad4qwvs/EX-1.jpg?rlkey=7vkb5l16l2cyf40bmzoqvxfcq&st=jo1s2e0t&dl=0,80_2
https://www.dropbox.com/scl/fi/vv6c5hh4f63f5cljz0f37/2.jpg?rlkey=ggg6533k06yx09thyqyws71dl&st=fsq52psq&dl=0,81_2
https://www.dropbox.com/scl/fi/vv6c5hh4f63f5cljz0f37/2.jpg?rlkey=ggg6533k06yx09thyqyws71dl&st=fsq52psq&dl=0,82_2
https://www.dropbox.com/scl/fi/vv6c5hh4f63f5cljz0f37/2.jpg?rlkey=ggg6533k06yx09thyqyws71dl&st=fsq52psq&dl=0,83_2
https://www.dropbox.com/scl/fi/vv6c5hh4f63f5cljz0f37/2.jpg?rlkey=ggg6533k06yx09thyqyws71dl&st=fsq52psq&dl=0,84_2
https://www.dropbox.com/scl/fi/vv6c5hh4f63f5cljz0f37/2.jpg?rlkey=ggg6533k06yx09thyqyws71dl&st=fsq52psq&dl=0,85_2
https://www.dropbox.com/scl/fi/vv6c5hh4f63f5cljz0f37/2.jpg?rlkey=ggg6533k06yx09thyqyws71dl&st=fsq52psq&dl=0,86_2
https://www.dropbox.com/scl/fi/vv6c5hh4f63f5cljz0f37/2.jpg?rlkey=ggg6533k06yx09thyqyws71dl&st=fsq52psq&dl=0,87_2
https://www.dropbox.com/scl/fi/vv6c5hh4f63f5cljz0f37/2.jpg?rlkey=ggg6533k06yx09thyqyws71dl&st=fsq52psq&dl=0,88_2
https://www.dropbox.com/scl/fi/vv6c5hh4f63f5cljz0f37/2.jpg?rlkey=ggg6533k06yx09thyqyws71dl&st=fsq52psq&dl=0,89_2
https://www.dropbox.com/scl/fi/vv6c5hh4f63f5cljz0f37/2.jpg?rlkey=ggg6533k06yx09thyqyws71dl&st=fsq52psq&dl=0,90_2
https://www.dropbox.com/scl/fi/vv6c5hh4f63f5cljz0f37/2.jpg?rlkey=ggg6533k06yx09thyqyws71dl&st=fsq52psq&dl=0,91_2
https://www.dropbox.com/scl/fi/vv6c5hh4f63f5cljz0f37/2.jpg?rlkey=ggg6533k06yx09thyqyws71dl&st=fsq52psq&dl=0,92_2
https://www.dropbox.com/scl/fi/vv6c5hh4f63f5cljz0f37/2.jpg?rlkey=ggg6533k06yx09thyqyws71dl&st=fsq52psq&dl=0,93_2
https://www.dropbox.com/scl/fi/vv6c5hh4f63f5cljz0f37/2.jpg?rlkey=ggg6533k06yx09thyqyws71dl&st=fsq52psq&dl=0,94_2
https://www.dropbox.com/scl/fi/vv6c5hh4f63f5cljz0f37/2.jpg?rlkey=ggg6533k06yx09thyqyws71dl&st=fsq52psq&dl=0,95_2
https://www.dropbox.com/scl/fi/vv6c5hh4f63f5cljz0f37/2.jpg?rlkey=ggg6533k06yx09thyqyws71dl&st=fsq52psq&dl=0,96_2
https://www.dropbox.com/scl/fi/vv6c5hh4f63f5cljz0f37/2.jpg?rlkey=ggg6533k06yx09thyqyws71dl&st=fsq52psq&dl=0,97_2
https://www.dropbox.com/scl/fi/zcbcobrjfzur1jad4qwvs/EX-1.jpg?rlkey=7vkb5l16l2cyf40bmzoqvxfcq&st=jo1s2e0t&dl=0,98_2
https://www.dropbox.com/scl/fi/zcbcobrjfzur1jad4qwvs/EX-1.jpg?rlkey=7vkb5l16l2cyf40bmzoqvxfcq&st=jo1s2e0t&dl=0,99_2
https://www.dropbox.com/scl/fi/vv6c5hh4f63f5cljz0f37/2.jpg?rlkey=ggg6533k06yx09thyqyws71dl&st=fsq52psq&dl=0,100_2
https://www.dropbox.com/scl/fi/vv6c5hh4f63f5cljz0f37/2.jpg?rlkey=ggg6533k06yx09thyqyws71dl&st=fsq52psq&dl=0,101_2
https://www.dropbox.com/scl/fi/vv6c5hh4f63f5cljz0f37/2.jpg?rlkey=ggg6533k06yx09thyqyws71dl&st=fsq52psq&dl=0,102_2
https://www.dropbox.com/scl/fi/zcbcobrjfzur1jad4qwvs/EX-1.jpg?rlkey=7vkb5l16l2cyf40bmzoqvxfcq&st=jo1s2e0t&dl=0,103_2
https://www.dropbox.com/scl/fi/zcbcobrjfzur1jad4qwvs/EX-1.jpg?rlkey=7vkb5l16l2cyf40bmzoqvxfcq&st=jo1s2e0t&dl=0,104_2
https://www.dropbox.com/scl/fi/vv6c5hh4f63f5cljz0f37/2.jpg?rlkey=ggg6533k06yx09thyqyws71dl&st=fsq52psq&dl=0,105_2
https://www.dropbox.com/scl/fi/zcbcobrjfzur1jad4qwvs/EX-1.jpg?rlkey=7vkb5l16l2cyf40bmzoqvxfcq&st=jo1s2e0t&dl=0,106_2
https://www.dropbox.com/scl/fi/zcbcobrjfzur1jad4qwvs/EX-1.jpg?rlkey=7vkb5l16l2cyf40bmzoqvxfcq&st=jo1s2e0t&dl=0,107_2
https://www.dropbox.com/scl/fi/vv6c5hh4f63f5cljz0f37/2.jpg?rlkey=ggg6533k06yx09thyqyws71dl&st=fsq52psq&dl=0,108_2
https://www.dropbox.com/scl/fi/vv6c5hh4f63f5cljz0f37/2.jpg?rlkey=ggg6533k06yx09thyqyws71dl&st=fsq52psq&dl=0,109_2
https://www.dropbox.com/scl/fi/zcbcobrjfzur1jad4qwvs/EX-1.jpg?rlkey=7vkb5l16l2cyf40bmzoqvxfcq&st=jo1s2e0t&dl=0,110_2
https://www.dropbox.com/scl/fi/vv6c5hh4f63f5cljz0f37/2.jpg?rlkey=ggg6533k06yx09thyqyws71dl&st=fsq52psq&dl=0,111_2
https://www.dropbox.com/scl/fi/vv6c5hh4f63f5cljz0f37/2.jpg?rlkey=ggg6533k06yx09thyqyws71dl&st=fsq52psq&dl=0,112_2
https://www.dropbox.com/scl/fi/vv6c5hh4f63f5cljz0f37/2.jpg?rlkey=ggg6533k06yx09thyqyws71dl&st=fsq52psq&dl=0,113_2
https://www.dropbox.com/scl/fi/zcbcobrjfzur1jad4qwvs/EX-1.jpg?rlkey=7vkb5l16l2cyf40bmzoqvxfcq&st=jo1s2e0t&dl=0,114_2
https://www.dropbox.com/scl/fi/vv6c5hh4f63f5cljz0f37/2.jpg?rlkey=ggg6533k06yx09thyqyws71dl&st=fsq52psq&dl=0,115_2
https://www.dropbox.com/scl/fi/zcbcobrjfzur1jad4qwvs/EX-1.jpg?rlkey=7vkb5l16l2cyf40bmzoqvxfcq&st=jo1s2e0t&dl=0,116_2
https://www.dropbox.com/scl/fi/zcbcobrjfzur1jad4qwvs/EX-1.jpg?rlkey=7vkb5l16l2cyf40bmzoqvxfcq&st=jo1s2e0t&dl=0,117_2
https://www.dropbox.com/scl/fi/vv6c5hh4f63f5cljz0f37/2.jpg?rlkey=ggg6533k06yx09thyqyws71dl&st=fsq52psq&dl=0,118_2
https://www.dropbox.com/scl/fi/vv6c5hh4f63f5cljz0f37/2.jpg?rlkey=ggg6533k06yx09thyqyws71dl&st=fsq52psq&dl=0,119_2
https://www.dropbox.com/scl/fi/vv6c5hh4f63f5cljz0f37/2.jpg?rlkey=ggg6533k06yx09thyqyws71dl&st=fsq52psq&dl=0,120_2
https://www.dropbox.com/scl/fi/zcbcobrjfzur1jad4qwvs/EX-1.jpg?rlkey=7vkb5l16l2cyf40bmzoqvxfcq&st=jo1s2e0t&dl=0,121_2
https://www.dropbox.com/scl/fi/zcbcobrjfzur1jad4qwvs/EX-1.jpg?rlkey=7vkb5l16l2cyf40bmzoqvxfcq&st=jo1s2e0t&dl=0,122_2
https://www.dropbox.com/scl/fi/zcbcobrjfzur1jad4qwvs/EX-1.jpg?rlkey=7vkb5l16l2cyf40bmzoqvxfcq&st=jo1s2e0t&dl=0,123_2
https://www.dropbox.com/scl/fi/vv6c5hh4f63f5cljz0f37/2.jpg?rlkey=ggg6533k06yx09thyqyws71dl&st=fsq52psq&dl=0,124_2
https://www.dropbox.com/scl/fi/vv6c5hh4f63f5cljz0f37/2.jpg?rlkey=ggg6533k06yx09thyqyws71dl&st=fsq52psq&dl=0,125_2
https://www.dropbox.com/scl/fi/vv6c5hh4f63f5cljz0f37/2.jpg?rlkey=ggg6533k06yx09thyqyws71dl&st=fsq52psq&dl=0,126_2
https://www.dropbox.com/scl/fi/vv6c5hh4f63f5cljz0f37/2.jpg?rlkey=ggg6533k06yx09thyqyws71dl&st=fsq52psq&dl=0,127_2
https://www.dropbox.com/scl/fi/vv6c5hh4f63f5cljz0f37/2.jpg?rlkey=ggg6533k06yx09thyqyws71dl&st=fsq52psq&dl=0,128_2
https://www.dropbox.com/scl/fi/vv6c5hh4f63f5cljz0f37/2.jpg?rlkey=ggg6533k06yx09thyqyws71dl&st=fsq52psq&dl=0,129_2
https://www.dropbox.com/scl/fi/vv6c5hh4f63f5cljz0f37/2.jpg?rlkey=ggg6533k06yx09thyqyws71dl&st=fsq52psq&dl=0,130_2
https://www.dropbox.com/scl/fi/vv6c5hh4f63f5cljz0f37/2.jpg?rlkey=ggg6533k06yx09thyqyws71dl&st=fsq52psq&dl=0,131_2
https://www.dropbox.com/scl/fi/vv6c5hh4f63f5cljz0f37/2.jpg?rlkey=ggg6533k06yx09thyqyws71dl&st=fsq52psq&dl=0,132_2
https://www.dropbox.com/scl/fi/vv6c5hh4f63f5cljz0f37/2.jpg?rlkey=ggg6533k06yx09thyqyws71dl&st=fsq52psq&dl=0,133_2
https://www.dropbox.com/scl/fi/zcbcobrjfzur1jad4qwvs/EX-1.jpg?rlkey=7vkb5l16l2cyf40bmzoqvxfcq&st=jo1s2e0t&dl=0,134_2
https://www.dropbox.com/scl/fi/zcbcobrjfzur1jad4qwvs/EX-1.jpg?rlkey=7vkb5l16l2cyf40bmzoqvxfcq&st=jo1s2e0t&dl=0,135_2
https://www.dropbox.com/scl/fi/zcbcobrjfzur1jad4qwvs/EX-1.jpg?rlkey=7vkb5l16l2cyf40bmzoqvxfcq&st=jo1s2e0t&dl=0,136_2
https://www.dropbox.com/scl/fi/q69mtwr9xsxv90s8eesqg/2.jpg?rlkey=82vm6fqb445bcdqbxqd44yps6&st=wpsefzep&dl=0,137_2
https://www.dropbox.com/scl/fi/q69mtwr9xsxv90s8eesqg/2.jpg?rlkey=82vm6fqb445bcdqbxqd44yps6&st=wpsefzep&dl=0,138_2
https://www.dropbox.com/scl/fi/q69mtwr9xsxv90s8eesqg/2.jpg?rlkey=82vm6fqb445bcdqbxqd44yps6&st=wpsefzep&dl=0,139_2
https://www.dropbox.com/scl/fi/q69mtwr9xsxv90s8eesqg/2.jpg?rlkey=82vm6fqb445bcdqbxqd44yps6&st=wpsefzep&dl=0,140_2
https://www.dropbox.com/scl/fi/q69mtwr9xsxv90s8eesqg/2.jpg?rlkey=82vm6fqb445bcdqbxqd44yps6&st=wpsefzep&dl=0,141_2
https://www.dropbox.com/scl/fi/q69mtwr9xsxv90s8eesqg/2.jpg?rlkey=82vm6fqb445bcdqbxqd44yps6&st=wpsefzep&dl=0,142_2
https://www.dropbox.com/scl/fi/q69mtwr9xsxv90s8eesqg/2.jpg?rlkey=82vm6fqb445bcdqbxqd44yps6&st=wpsefzep&dl=0,143_2
https://www.dropbox.com/scl/fi/q69mtwr9xsxv90s8eesqg/2.jpg?rlkey=82vm6fqb445bcdqbxqd44yps6&st=wpsefzep&dl=0,144_2
https://www.dropbox.com/scl/fi/3hdxcrd7k5xybvhzcm46k/EX-1.jpg?rlkey=8pg24mrm0decykp6rfktgtx55&st=a1vojbjr&dl=0,145_2
https://www.dropbox.com/scl/fi/3hdxcrd7k5xybvhzcm46k/EX-1.jpg?rlkey=8pg24mrm0decykp6rfktgtx55&st=a1vojbjr&dl=0,146_2
https://www.dropbox.com/scl/fi/q69mtwr9xsxv90s8eesqg/2.jpg?rlkey=82vm6fqb445bcdqbxqd44yps6&st=wpsefzep&dl=0,147_2
https://www.dropbox.com/scl/fi/q69mtwr9xsxv90s8eesqg/2.jpg?rlkey=82vm6fqb445bcdqbxqd44yps6&st=wpsefzep&dl=0,148_2
https://www.dropbox.com/scl/fi/3hdxcrd7k5xybvhzcm46k/EX-1.jpg?rlkey=8pg24mrm0decykp6rfktgtx55&st=a1vojbjr&dl=0,149_2
https://www.dropbox.com/scl/fi/3hdxcrd7k5xybvhzcm46k/EX-1.jpg?rlkey=8pg24mrm0decykp6rfktgtx55&st=a1vojbjr&dl=0,150_2
https://www.dropbox.com/scl/fi/q69mtwr9xsxv90s8eesqg/2.jpg?rlkey=82vm6fqb445bcdqbxqd44yps6&st=wpsefzep&dl=0,151_2
https://www.dropbox.com/scl/fi/q69mtwr9xsxv90s8eesqg/2.jpg?rlkey=82vm6fqb445bcdqbxqd44yps6&st=wpsefzep&dl=0,152_2
https://www.dropbox.com/scl/fi/q69mtwr9xsxv90s8eesqg/2.jpg?rlkey=82vm6fqb445bcdqbxqd44yps6&st=wpsefzep&dl=0,153_2
https://www.dropbox.com/scl/fi/q69mtwr9xsxv90s8eesqg/2.jpg?rlkey=82vm6fqb445bcdqbxqd44yps6&st=wpsefzep&dl=0,154_2
https://www.dropbox.com/scl/fi/q69mtwr9xsxv90s8eesqg/2.jpg?rlkey=82vm6fqb445bcdqbxqd44yps6&st=wpsefzep&dl=0,155_2
https://www.dropbox.com/scl/fi/q69mtwr9xsxv90s8eesqg/2.jpg?rlkey=82vm6fqb445bcdqbxqd44yps6&st=wpsefzep&dl=0,156_2
https://www.dropbox.com/scl/fi/q69mtwr9xsxv90s8eesqg/2.jpg?rlkey=82vm6fqb445bcdqbxqd44yps6&st=wpsefzep&dl=0,157_2
https://www.dropbox.com/scl/fi/q69mtwr9xsxv90s8eesqg/2.jpg?rlkey=82vm6fqb445bcdqbxqd44yps6&st=wpsefzep&dl=0,158_2
https://www.dropbox.com/scl/fi/q69mtwr9xsxv90s8eesqg/2.jpg?rlkey=82vm6fqb445bcdqbxqd44yps6&st=wpsefzep&dl=0,159_2
https://www.dropbox.com/scl/fi/3hdxcrd7k5xybvhzcm46k/EX-1.jpg?rlkey=8pg24mrm0decykp6rfktgtx55&st=a1vojbjr&dl=0,160_2
https://www.dropbox.com/scl/fi/q69mtwr9xsxv90s8eesqg/2.jpg?rlkey=82vm6fqb445bcdqbxqd44yps6&st=wpsefzep&dl=0,161_2
https://www.dropbox.com/scl/fi/q69mtwr9xsxv90s8eesqg/2.jpg?rlkey=82vm6fqb445bcdqbxqd44yps6&st=wpsefzep&dl=0,162_2
https://www.dropbox.com/scl/fi/q69mtwr9xsxv90s8eesqg/2.jpg?rlkey=82vm6fqb445bcdqbxqd44yps6&st=wpsefzep&dl=0,163_2
https://www.dropbox.com/scl/fi/q69mtwr9xsxv90s8eesqg/2.jpg?rlkey=82vm6fqb445bcdqbxqd44yps6&st=wpsefzep&dl=0,164_2
https://www.dropbox.com/scl/fi/q69mtwr9xsxv90s8eesqg/2.jpg?rlkey=82vm6fqb445bcdqbxqd44yps6&st=wpsefzep&dl=0,165_2
https://www.dropbox.com/scl/fi/q69mtwr9xsxv90s8eesqg/2.jpg?rlkey=82vm6fqb445bcdqbxqd44yps6&st=wpsefzep&dl=0,166_2
https://www.dropbox.com/scl/fi/q69mtwr9xsxv90s8eesqg/2.jpg?rlkey=82vm6fqb445bcdqbxqd44yps6&st=wpsefzep&dl=0,167_2
https://www.dropbox.com/scl/fi/3hdxcrd7k5xybvhzcm46k/EX-1.jpg?rlkey=8pg24mrm0decykp6rfktgtx55&st=a1vojbjr&dl=0,168_2
https://www.dropbox.com/scl/fi/q69mtwr9xsxv90s8eesqg/2.jpg?rlkey=82vm6fqb445bcdqbxqd44yps6&st=wpsefzep&dl=0,169_2
https://www.dropbox.com/scl/fi/q69mtwr9xsxv90s8eesqg/2.jpg?rlkey=82vm6fqb445bcdqbxqd44yps6&st=wpsefzep&dl=0,170_2
https://www.dropbox.com/scl/fi/3hdxcrd7k5xybvhzcm46k/EX-1.jpg?rlkey=8pg24mrm0decykp6rfktgtx55&st=a1vojbjr&dl=0,171_2
https://www.dropbox.com/scl/fi/q69mtwr9xsxv90s8eesqg/2.jpg?rlkey=82vm6fqb445bcdqbxqd44yps6&st=wpsefzep&dl=0,172_2
https://www.dropbox.com/scl/fi/q69mtwr9xsxv90s8eesqg/2.jpg?rlkey=82vm6fqb445bcdqbxqd44yps6&st=wpsefzep&dl=0,173_2
https://www.dropbox.com/scl/fi/q69mtwr9xsxv90s8eesqg/2.jpg?rlkey=82vm6fqb445bcdqbxqd44yps6&st=wpsefzep&dl=0,174_2
https://www.dropbox.com/scl/fi/q69mtwr9xsxv90s8eesqg/2.jpg?rlkey=82vm6fqb445bcdqbxqd44yps6&st=wpsefzep&dl=0,175_2
https://www.dropbox.com/scl/fi/q69mtwr9xsxv90s8eesqg/2.jpg?rlkey=82vm6fqb445bcdqbxqd44yps6&st=wpsefzep&dl=0,176_2
https://www.dropbox.com/scl/fi/q69mtwr9xsxv90s8eesqg/2.jpg?rlkey=82vm6fqb445bcdqbxqd44yps6&st=wpsefzep&dl=0,177_2
https://www.dropbox.com/scl/fi/q69mtwr9xsxv90s8eesqg/2.jpg?rlkey=82vm6fqb445bcdqbxqd44yps6&st=wpsefzep&dl=0,178_2
https://www.dropbox.com/scl/fi/q69mtwr9xsxv90s8eesqg/2.jpg?rlkey=82vm6fqb445bcdqbxqd44yps6&st=wpsefzep&dl=0,179_2
https://www.dropbox.com/scl/fi/q69mtwr9xsxv90s8eesqg/2.jpg?rlkey=82vm6fqb445bcdqbxqd44yps6&st=wpsefzep&dl=0,180_2
https://www.dropbox.com/scl/fi/q69mtwr9xsxv90s8eesqg/2.jpg?rlkey=82vm6fqb445bcdqbxqd44yps6&st=wpsefzep&dl=0,181_2
https://www.dropbox.com/scl/fi/q69mtwr9xsxv90s8eesqg/2.jpg?rlkey=82vm6fqb445bcdqbxqd44yps6&st=wpsefzep&dl=0,182_2
https://www.dropbox.com/scl/fi/q69mtwr9xsxv90s8eesqg/2.jpg?rlkey=82vm6fqb445bcdqbxqd44yps6&st=wpsefzep&dl=0,183_2
https://www.dropbox.com/scl/fi/q69mtwr9xsxv90s8eesqg/2.jpg?rlkey=82vm6fqb445bcdqbxqd44yps6&st=wpsefzep&dl=0,184_2
https://www.dropbox.com/scl/fi/q69mtwr9xsxv90s8eesqg/2.jpg?rlkey=82vm6fqb445bcdqbxqd44yps6&st=wpsefzep&dl=0,185_2
https://www.dropbox.com/scl/fi/q69mtwr9xsxv90s8eesqg/2.jpg?rlkey=82vm6fqb445bcdqbxqd44yps6&st=wpsefzep&dl=0,186_2
https://www.dropbox.com/scl/fi/q69mtwr9xsxv90s8eesqg/2.jpg?rlkey=82vm6fqb445bcdqbxqd44yps6&st=wpsefzep&dl=0,187_2
https://www.dropbox.com/scl/fi/q69mtwr9xsxv90s8eesqg/2.jpg?rlkey=82vm6fqb445bcdqbxqd44yps6&st=wpsefzep&dl=0,188_2
https://www.dropbox.com/scl/fi/q69mtwr9xsxv90s8eesqg/2.jpg?rlkey=82vm6fqb445bcdqbxqd44yps6&st=wpsefzep&dl=0,189_2
https://www.dropbox.com/scl/fi/q69mtwr9xsxv90s8eesqg/2.jpg?rlkey=82vm6fqb445bcdqbxqd44yps6&st=wpsefzep&dl=0,190_2
https://www.dropbox.com/scl/fi/3hdxcrd7k5xybvhzcm46k/EX-1.jpg?rlkey=8pg24mrm0decykp6rfktgtx55&st=a1vojbjr&dl=0,191_2
https://www.dropbox.com/scl/fi/3hdxcrd7k5xybvhzcm46k/EX-1.jpg?rlkey=8pg24mrm0decykp6rfktgtx55&st=a1vojbjr&dl=0,192_2
https://www.dropbox.com/scl/fi/3hdxcrd7k5xybvhzcm46k/EX-1.jpg?rlkey=8pg24mrm0decykp6rfktgtx55&st=a1vojbjr&dl=0,193_2
https://www.dropbox.com/scl/fi/q69mtwr9xsxv90s8eesqg/2.jpg?rlkey=82vm6fqb445bcdqbxqd44yps6&st=wpsefzep&dl=0,194_2
https://www.dropbox.com/scl/fi/q69mtwr9xsxv90s8eesqg/2.jpg?rlkey=82vm6fqb445bcdqbxqd44yps6&st=wpsefzep&dl=0,195_2
https://www.dropbox.com/scl/fi/q69mtwr9xsxv90s8eesqg/2.jpg?rlkey=82vm6fqb445bcdqbxqd44yps6&st=wpsefzep&dl=0,196_2
https://www.dropbox.com/scl/fi/q69mtwr9xsxv90s8eesqg/2.jpg?rlkey=82vm6fqb445bcdqbxqd44yps6&st=wpsefzep&dl=0,197_2
https://www.dropbox.com/scl/fi/q69mtwr9xsxv90s8eesqg/2.jpg?rlkey=82vm6fqb445bcdqbxqd44yps6&st=wpsefzep&dl=0,198_2
https://www.dropbox.com/scl/fi/3hdxcrd7k5xybvhzcm46k/EX-1.jpg?rlkey=8pg24mrm0decykp6rfktgtx55&st=a1vojbjr&dl=0,199_2
https://www.dropbox.com/scl/fi/q69mtwr9xsxv90s8eesqg/2.jpg?rlkey=82vm6fqb445bcdqbxqd44yps6&st=wpsefzep&dl=0,200_2
https://www.dropbox.com/scl/fi/q69mtwr9xsxv90s8eesqg/2.jpg?rlkey=82vm6fqb445bcdqbxqd44yps6&st=wpsefzep&dl=0,201_2
https://www.dropbox.com/scl/fi/3hdxcrd7k5xybvhzcm46k/EX-1.jpg?rlkey=8pg24mrm0decykp6rfktgtx55&st=a1vojbjr&dl=0,202_2
https://www.dropbox.com/scl/fi/3hdxcrd7k5xybvhzcm46k/EX-1.jpg?rlkey=8pg24mrm0decykp6rfktgtx55&st=a1vojbjr&dl=0,203_2
https://www.dropbox.com/scl/fi/3hdxcrd7k5xybvhzcm46k/EX-1.jpg?rlkey=8pg24mrm0decykp6rfktgtx55&st=a1vojbjr&dl=0,204_2
https://www.dropbox.com/scl/fi/q69mtwr9xsxv90s8eesqg/2.jpg?rlkey=82vm6fqb445bcdqbxqd44yps6&st=wpsefzep&dl=0,205_2
https://www.dropbox.com/scl/fi/q69mtwr9xsxv90s8eesqg/2.jpg?rlkey=82vm6fqb445bcdqbxqd44yps6&st=wpsefzep&dl=0,206_2
https://www.dropbox.com/scl/fi/q69mtwr9xsxv90s8eesqg/2.jpg?rlkey=82vm6fqb445bcdqbxqd44yps6&st=wpsefzep&dl=0,207_2
https://www.dropbox.com/scl/fi/q69mtwr9xsxv90s8eesqg/2.jpg?rlkey=82vm6fqb445bcdqbxqd44yps6&st=wpsefzep&dl=0,208_2
https://www.dropbox.com/scl/fi/q69mtwr9xsxv90s8eesqg/2.jpg?rlkey=82vm6fqb445bcdqbxqd44yps6&st=wpsefzep&dl=0,209_2
https://www.dropbox.com/scl/fi/3hdxcrd7k5xybvhzcm46k/EX-1.jpg?rlkey=8pg24mrm0decykp6rfktgtx55&st=a1vojbjr&dl=0,210_2
https://www.dropbox.com/scl/fi/3hdxcrd7k5xybvhzcm46k/EX-1.jpg?rlkey=8pg24mrm0decykp6rfktgtx55&st=a1vojbjr&dl=0,211_2
https://www.dropbox.com/scl/fi/3hdxcrd7k5xybvhzcm46k/EX-1.jpg?rlkey=8pg24mrm0decykp6rfktgtx55&st=a1vojbjr&dl=0,212_2
https://www.dropbox.com/scl/fi/3hdxcrd7k5xybvhzcm46k/EX-1.jpg?rlkey=8pg24mrm0decykp6rfktgtx55&st=a1vojbjr&dl=0,213_2
https://www.dropbox.com/scl/fi/3hdxcrd7k5xybvhzcm46k/EX-1.jpg?rlkey=8pg24mrm0decykp6rfktgtx55&st=a1vojbjr&dl=0,214_2
https://www.dropbox.com/scl/fi/3hdxcrd7k5xybvhzcm46k/EX-1.jpg?rlkey=8pg24mrm0decykp6rfktgtx55&st=a1vojbjr&dl=0,215_2
https://www.dropbox.com/scl/fi/3hdxcrd7k5xybvhzcm46k/EX-1.jpg?rlkey=8pg24mrm0decykp6rfktgtx55&st=a1vojbjr&dl=0,216_2
https://www.dropbox.com/scl/fi/q69mtwr9xsxv90s8eesqg/2.jpg?rlkey=82vm6fqb445bcdqbxqd44yps6&st=wpsefzep&dl=0,217_2
https://www.dropbox.com/scl/fi/q69mtwr9xsxv90s8eesqg/2.jpg?rlkey=82vm6fqb445bcdqbxqd44yps6&st=wpsefzep&dl=0,218_2
https://www.dropbox.com/scl/fi/q69mtwr9xsxv90s8eesqg/2.jpg?rlkey=82vm6fqb445bcdqbxqd44yps6&st=wpsefzep&dl=0,219_2
https://www.dropbox.com/scl/fi/q69mtwr9xsxv90s8eesqg/2.jpg?rlkey=82vm6fqb445bcdqbxqd44yps6&st=wpsefzep&dl=0,220_2
https://www.dropbox.com/scl/fi/q69mtwr9xsxv90s8eesqg/2.jpg?rlkey=82vm6fqb445bcdqbxqd44yps6&st=wpsefzep&dl=0,221_2
https://www.dropbox.com/scl/fi/q69mtwr9xsxv90s8eesqg/2.jpg?rlkey=82vm6fqb445bcdqbxqd44yps6&st=wpsefzep&dl=0,222_2
https://www.dropbox.com/scl/fi/q69mtwr9xsxv90s8eesqg/2.jpg?rlkey=82vm6fqb445bcdqbxqd44yps6&st=wpsefzep&dl=0,223_2
https://www.dropbox.com/scl/fi/q69mtwr9xsxv90s8eesqg/2.jpg?rlkey=82vm6fqb445bcdqbxqd44yps6&st=wpsefzep&dl=0,224_2
https://www.dropbox.com/scl/fi/q69mtwr9xsxv90s8eesqg/2.jpg?rlkey=82vm6fqb445bcdqbxqd44yps6&st=wpsefzep&dl=0,225_2
https://www.dropbox.com/scl/fi/q69mtwr9xsxv90s8eesqg/2.jpg?rlkey=82vm6fqb445bcdqbxqd44yps6&st=wpsefzep&dl=0,226_2
https://www.dropbox.com/scl/fi/q69mtwr9xsxv90s8eesqg/2.jpg?rlkey=82vm6fqb445bcdqbxqd44yps6&st=wpsefzep&dl=0,227_2
https://www.dropbox.com/scl/fi/q69mtwr9xsxv90s8eesqg/2.jpg?rlkey=82vm6fqb445bcdqbxqd44yps6&st=wpsefzep&dl=0,228_2
https://www.dropbox.com/scl/fi/q69mtwr9xsxv90s8eesqg/2.jpg?rlkey=82vm6fqb445bcdqbxqd44yps6&st=wpsefzep&dl=0,229_2
https://www.dropbox.com/scl/fi/q69mtwr9xsxv90s8eesqg/2.jpg?rlkey=82vm6fqb445bcdqbxqd44yps6&st=wpsefzep&dl=0,230_2
https://www.dropbox.com/scl/fi/q69mtwr9xsxv90s8eesqg/2.jpg?rlkey=82vm6fqb445bcdqbxqd44yps6&st=wpsefzep&dl=0,231_2
https://www.dropbox.com/scl/fi/q69mtwr9xsxv90s8eesqg/2.jpg?rlkey=82vm6fqb445bcdqbxqd44yps6&st=wpsefzep&dl=0,232_2
https://www.dropbox.com/scl/fi/q69mtwr9xsxv90s8eesqg/2.jpg?rlkey=82vm6fqb445bcdqbxqd44yps6&st=wpsefzep&dl=0,233_2
https://www.dropbox.com/scl/fi/3hdxcrd7k5xybvhzcm46k/EX-1.jpg?rlkey=8pg24mrm0decykp6rfktgtx55&st=a1vojbjr&dl=0,234_2
https://www.dropbox.com/scl/fi/3hdxcrd7k5xybvhzcm46k/EX-1.jpg?rlkey=8pg24mrm0decykp6rfktgtx55&st=a1vojbjr&dl=0,235_2
https://www.dropbox.com/scl/fi/q69mtwr9xsxv90s8eesqg/2.jpg?rlkey=82vm6fqb445bcdqbxqd44yps6&st=wpsefzep&dl=0,236_2
https://www.dropbox.com/scl/fi/q69mtwr9xsxv90s8eesqg/2.jpg?rlkey=82vm6fqb445bcdqbxqd44yps6&st=wpsefzep&dl=0,237_2
https://www.dropbox.com/scl/fi/q69mtwr9xsxv90s8eesqg/2.jpg?rlkey=82vm6fqb445bcdqbxqd44yps6&st=wpsefzep&dl=0,238_2
https://www.dropbox.com/scl/fi/3hdxcrd7k5xybvhzcm46k/EX-1.jpg?rlkey=8pg24mrm0decykp6rfktgtx55&st=a1vojbjr&dl=0,239_2
https://www.dropbox.com/scl/fi/3hdxcrd7k5xybvhzcm46k/EX-1.jpg?rlkey=8pg24mrm0decykp6rfktgtx55&st=a1vojbjr&dl=0,240_2
https://www.dropbox.com/scl/fi/q69mtwr9xsxv90s8eesqg/2.jpg?rlkey=82vm6fqb445bcdqbxqd44yps6&st=wpsefzep&dl=0,241_2
https://www.dropbox.com/scl/fi/3hdxcrd7k5xybvhzcm46k/EX-1.jpg?rlkey=8pg24mrm0decykp6rfktgtx55&st=a1vojbjr&dl=0,242_2
https://www.dropbox.com/scl/fi/3hdxcrd7k5xybvhzcm46k/EX-1.jpg?rlkey=8pg24mrm0decykp6rfktgtx55&st=a1vojbjr&dl=0,243_2
https://www.dropbox.com/scl/fi/q69mtwr9xsxv90s8eesqg/2.jpg?rlkey=82vm6fqb445bcdqbxqd44yps6&st=wpsefzep&dl=0,244_2
https://www.dropbox.com/scl/fi/q69mtwr9xsxv90s8eesqg/2.jpg?rlkey=82vm6fqb445bcdqbxqd44yps6&st=wpsefzep&dl=0,245_2
https://www.dropbox.com/scl/fi/3hdxcrd7k5xybvhzcm46k/EX-1.jpg?rlkey=8pg24mrm0decykp6rfktgtx55&st=a1vojbjr&dl=0,246_2
https://www.dropbox.com/scl/fi/q69mtwr9xsxv90s8eesqg/2.jpg?rlkey=82vm6fqb445bcdqbxqd44yps6&st=wpsefzep&dl=0,247_2
https://www.dropbox.com/scl/fi/q69mtwr9xsxv90s8eesqg/2.jpg?rlkey=82vm6fqb445bcdqbxqd44yps6&st=wpsefzep&dl=0,248_2
https://www.dropbox.com/scl/fi/q69mtwr9xsxv90s8eesqg/2.jpg?rlkey=82vm6fqb445bcdqbxqd44yps6&st=wpsefzep&dl=0,249_2
https://www.dropbox.com/scl/fi/3hdxcrd7k5xybvhzcm46k/EX-1.jpg?rlkey=8pg24mrm0decykp6rfktgtx55&st=a1vojbjr&dl=0,250_2
https://www.dropbox.com/scl/fi/q69mtwr9xsxv90s8eesqg/2.jpg?rlkey=82vm6fqb445bcdqbxqd44yps6&st=wpsefzep&dl=0,251_2
https://www.dropbox.com/scl/fi/3hdxcrd7k5xybvhzcm46k/EX-1.jpg?rlkey=8pg24mrm0decykp6rfktgtx55&st=a1vojbjr&dl=0,252_2
https://www.dropbox.com/scl/fi/3hdxcrd7k5xybvhzcm46k/EX-1.jpg?rlkey=8pg24mrm0decykp6rfktgtx55&st=a1vojbjr&dl=0,253_2
https://www.dropbox.com/scl/fi/q69mtwr9xsxv90s8eesqg/2.jpg?rlkey=82vm6fqb445bcdqbxqd44yps6&st=wpsefzep&dl=0,254_2
https://www.dropbox.com/scl/fi/q69mtwr9xsxv90s8eesqg/2.jpg?rlkey=82vm6fqb445bcdqbxqd44yps6&st=wpsefzep&dl=0,255_2
https://www.dropbox.com/scl/fi/q69mtwr9xsxv90s8eesqg/2.jpg?rlkey=82vm6fqb445bcdqbxqd44yps6&st=wpsefzep&dl=0,256_2
https://www.dropbox.com/scl/fi/3hdxcrd7k5xybvhzcm46k/EX-1.jpg?rlkey=8pg24mrm0decykp6rfktgtx55&st=a1vojbjr&dl=0,257_2
https://www.dropbox.com/scl/fi/3hdxcrd7k5xybvhzcm46k/EX-1.jpg?rlkey=8pg24mrm0decykp6rfktgtx55&st=a1vojbjr&dl=0,258_2
https://www.dropbox.com/scl/fi/3hdxcrd7k5xybvhzcm46k/EX-1.jpg?rlkey=8pg24mrm0decykp6rfktgtx55&st=a1vojbjr&dl=0,259_2
https://www.dropbox.com/scl/fi/q69mtwr9xsxv90s8eesqg/2.jpg?rlkey=82vm6fqb445bcdqbxqd44yps6&st=wpsefzep&dl=0,260_2
https://www.dropbox.com/scl/fi/q69mtwr9xsxv90s8eesqg/2.jpg?rlkey=82vm6fqb445bcdqbxqd44yps6&st=wpsefzep&dl=0,261_2
https://www.dropbox.com/scl/fi/q69mtwr9xsxv90s8eesqg/2.jpg?rlkey=82vm6fqb445bcdqbxqd44yps6&st=wpsefzep&dl=0,262_2
https://www.dropbox.com/scl/fi/q69mtwr9xsxv90s8eesqg/2.jpg?rlkey=82vm6fqb445bcdqbxqd44yps6&st=wpsefzep&dl=0,263_2
https://www.dropbox.com/scl/fi/q69mtwr9xsxv90s8eesqg/2.jpg?rlkey=82vm6fqb445bcdqbxqd44yps6&st=wpsefzep&dl=0,264_2
https://www.dropbox.com/scl/fi/q69mtwr9xsxv90s8eesqg/2.jpg?rlkey=82vm6fqb445bcdqbxqd44yps6&st=wpsefzep&dl=0,265_2
https://www.dropbox.com/scl/fi/q69mtwr9xsxv90s8eesqg/2.jpg?rlkey=82vm6fqb445bcdqbxqd44yps6&st=wpsefzep&dl=0,266_2
https://www.dropbox.com/scl/fi/q69mtwr9xsxv90s8eesqg/2.jpg?rlkey=82vm6fqb445bcdqbxqd44yps6&st=wpsefzep&dl=0,267_2
https://www.dropbox.com/scl/fi/q69mtwr9xsxv90s8eesqg/2.jpg?rlkey=82vm6fqb445bcdqbxqd44yps6&st=wpsefzep&dl=0,268_2
https://www.dropbox.com/scl/fi/q69mtwr9xsxv90s8eesqg/2.jpg?rlkey=82vm6fqb445bcdqbxqd44yps6&st=wpsefzep&dl=0,269_2
https://www.dropbox.com/scl/fi/3hdxcrd7k5xybvhzcm46k/EX-1.jpg?rlkey=8pg24mrm0decykp6rfktgtx55&st=a1vojbjr&dl=0,270_2
https://www.dropbox.com/scl/fi/3hdxcrd7k5xybvhzcm46k/EX-1.jpg?rlkey=8pg24mrm0decykp6rfktgtx55&st=a1vojbjr&dl=0,271_2
https://www.dropbox.com/scl/fi/3hdxcrd7k5xybvhzcm46k/EX-1.jpg?rlkey=8pg24mrm0decykp6rfktgtx55&st=a1vojbjr&dl=0,272_2
https://www.dropbox.com/scl/fi/lcrc6s2xrlwlp964zf389/3.jpg?rlkey=q1wnw45yw2z6ru667xi5hrg3j&st=eqa9jung&dl=0,1_3
https://www.dropbox.com/scl/fi/lcrc6s2xrlwlp964zf389/3.jpg?rlkey=q1wnw45yw2z6ru667xi5hrg3j&st=eqa9jung&dl=0,2_3
https://www.dropbox.com/scl/fi/lcrc6s2xrlwlp964zf389/3.jpg?rlkey=q1wnw45yw2z6ru667xi5hrg3j&st=eqa9jung&dl=0,3_3
https://www.dropbox.com/scl/fi/lcrc6s2xrlwlp964zf389/3.jpg?rlkey=q1wnw45yw2z6ru667xi5hrg3j&st=eqa9jung&dl=0,4_3
https://www.dropbox.com/scl/fi/lcrc6s2xrlwlp964zf389/3.jpg?rlkey=q1wnw45yw2z6ru667xi5hrg3j&st=eqa9jung&dl=0,5_3
https://www.dropbox.com/scl/fi/lcrc6s2xrlwlp964zf389/3.jpg?rlkey=q1wnw45yw2z6ru667xi5hrg3j&st=eqa9jung&dl=0,6_3
https://www.dropbox.com/scl/fi/lcrc6s2xrlwlp964zf389/3.jpg?rlkey=q1wnw45yw2z6ru667xi5hrg3j&st=eqa9jung&dl=0,7_3
https://www.dropbox.com/scl/fi/lcrc6s2xrlwlp964zf389/3.jpg?rlkey=q1wnw45yw2z6ru667xi5hrg3j&st=eqa9jung&dl=0,8_3
https://www.dropbox.com/scl/fi/bncitfag6hwe31g00tzvc/EX-3.jpg?rlkey=7faj4w8bdj4syb59tiykqgt9t&st=v6rqyijv&dl=0,9_3
https://www.dropbox.com/scl/fi/bncitfag6hwe31g00tzvc/EX-3.jpg?rlkey=7faj4w8bdj4syb59tiykqgt9t&st=v6rqyijv&dl=0,10_3
https://www.dropbox.com/scl/fi/lcrc6s2xrlwlp964zf389/3.jpg?rlkey=q1wnw45yw2z6ru667xi5hrg3j&st=eqa9jung&dl=0,11_3
https://www.dropbox.com/scl/fi/lcrc6s2xrlwlp964zf389/3.jpg?rlkey=q1wnw45yw2z6ru667xi5hrg3j&st=eqa9jung&dl=0,12_3
https://www.dropbox.com/scl/fi/lcrc6s2xrlwlp964zf389/3.jpg?rlkey=q1wnw45yw2z6ru667xi5hrg3j&st=eqa9jung&dl=0,13_3
https://www.dropbox.com/scl/fi/bncitfag6hwe31g00tzvc/EX-3.jpg?rlkey=7faj4w8bdj4syb59tiykqgt9t&st=v6rqyijv&dl=0,14_3
https://www.dropbox.com/scl/fi/lcrc6s2xrlwlp964zf389/3.jpg?rlkey=q1wnw45yw2z6ru667xi5hrg3j&st=eqa9jung&dl=0,15_3
https://www.dropbox.com/scl/fi/lcrc6s2xrlwlp964zf389/3.jpg?rlkey=q1wnw45yw2z6ru667xi5hrg3j&st=eqa9jung&dl=0,16_3
https://www.dropbox.com/scl/fi/lcrc6s2xrlwlp964zf389/3.jpg?rlkey=q1wnw45yw2z6ru667xi5hrg3j&st=eqa9jung&dl=0,17_3
https://www.dropbox.com/scl/fi/lcrc6s2xrlwlp964zf389/3.jpg?rlkey=q1wnw45yw2z6ru667xi5hrg3j&st=eqa9jung&dl=0,18_3
https://www.dropbox.com/scl/fi/lcrc6s2xrlwlp964zf389/3.jpg?rlkey=q1wnw45yw2z6ru667xi5hrg3j&st=eqa9jung&dl=0,19_3
https://www.dropbox.com/scl/fi/lcrc6s2xrlwlp964zf389/3.jpg?rlkey=q1wnw45yw2z6ru667xi5hrg3j&st=eqa9jung&dl=0,20_3
https://www.dropbox.com/scl/fi/lcrc6s2xrlwlp964zf389/3.jpg?rlkey=q1wnw45yw2z6ru667xi5hrg3j&st=eqa9jung&dl=0,21_3
https://www.dropbox.com/scl/fi/lcrc6s2xrlwlp964zf389/3.jpg?rlkey=q1wnw45yw2z6ru667xi5hrg3j&st=eqa9jung&dl=0,22_3
https://www.dropbox.com/scl/fi/lcrc6s2xrlwlp964zf389/3.jpg?rlkey=q1wnw45yw2z6ru667xi5hrg3j&st=eqa9jung&dl=0,23_3
https://www.dropbox.com/scl/fi/bncitfag6hwe31g00tzvc/EX-3.jpg?rlkey=7faj4w8bdj4syb59tiykqgt9t&st=v6rqyijv&dl=0,24_3
https://www.dropbox.com/scl/fi/lcrc6s2xrlwlp964zf389/3.jpg?rlkey=q1wnw45yw2z6ru667xi5hrg3j&st=eqa9jung&dl=0,25_3
https://www.dropbox.com/scl/fi/lcrc6s2xrlwlp964zf389/3.jpg?rlkey=q1wnw45yw2z6ru667xi5hrg3j&st=eqa9jung&dl=0,26_3
https://www.dropbox.com/scl/fi/lcrc6s2xrlwlp964zf389/3.jpg?rlkey=q1wnw45yw2z6ru667xi5hrg3j&st=eqa9jung&dl=0,27_3
https://www.dropbox.com/scl/fi/lcrc6s2xrlwlp964zf389/3.jpg?rlkey=q1wnw45yw2z6ru667xi5hrg3j&st=eqa9jung&dl=0,28_3
https://www.dropbox.com/scl/fi/lcrc6s2xrlwlp964zf389/3.jpg?rlkey=q1wnw45yw2z6ru667xi5hrg3j&st=eqa9jung&dl=0,29_3
https://www.dropbox.com/scl/fi/lcrc6s2xrlwlp964zf389/3.jpg?rlkey=q1wnw45yw2z6ru667xi5hrg3j&st=eqa9jung&dl=0,30_3
https://www.dropbox.com/scl/fi/lcrc6s2xrlwlp964zf389/3.jpg?rlkey=q1wnw45yw2z6ru667xi5hrg3j&st=eqa9jung&dl=0,31_3
https://www.dropbox.com/scl/fi/bncitfag6hwe31g00tzvc/EX-3.jpg?rlkey=7faj4w8bdj4syb59tiykqgt9t&st=v6rqyijv&dl=0,32_3
https://www.dropbox.com/scl/fi/lcrc6s2xrlwlp964zf389/3.jpg?rlkey=q1wnw45yw2z6ru667xi5hrg3j&st=eqa9jung&dl=0,33_3
https://www.dropbox.com/scl/fi/lcrc6s2xrlwlp964zf389/3.jpg?rlkey=q1wnw45yw2z6ru667xi5hrg3j&st=eqa9jung&dl=0,34_3
https://www.dropbox.com/scl/fi/bncitfag6hwe31g00tzvc/EX-3.jpg?rlkey=7faj4w8bdj4syb59tiykqgt9t&st=v6rqyijv&dl=0,35_3
https://www.dropbox.com/scl/fi/lcrc6s2xrlwlp964zf389/3.jpg?rlkey=q1wnw45yw2z6ru667xi5hrg3j&st=eqa9jung&dl=0,36_3
https://www.dropbox.com/scl/fi/lcrc6s2xrlwlp964zf389/3.jpg?rlkey=q1wnw45yw2z6ru667xi5hrg3j&st=eqa9jung&dl=0,37_3
https://www.dropbox.com/scl/fi/lcrc6s2xrlwlp964zf389/3.jpg?rlkey=q1wnw45yw2z6ru667xi5hrg3j&st=eqa9jung&dl=0,38_3
https://www.dropbox.com/scl/fi/lcrc6s2xrlwlp964zf389/3.jpg?rlkey=q1wnw45yw2z6ru667xi5hrg3j&st=eqa9jung&dl=0,39_3
https://www.dropbox.com/scl/fi/lcrc6s2xrlwlp964zf389/3.jpg?rlkey=q1wnw45yw2z6ru667xi5hrg3j&st=eqa9jung&dl=0,40_3
https://www.dropbox.com/scl/fi/lcrc6s2xrlwlp964zf389/3.jpg?rlkey=q1wnw45yw2z6ru667xi5hrg3j&st=eqa9jung&dl=0,41_3
https://www.dropbox.com/scl/fi/lcrc6s2xrlwlp964zf389/3.jpg?rlkey=q1wnw45yw2z6ru667xi5hrg3j&st=eqa9jung&dl=0,42_3
https://www.dropbox.com/scl/fi/lcrc6s2xrlwlp964zf389/3.jpg?rlkey=q1wnw45yw2z6ru667xi5hrg3j&st=eqa9jung&dl=0,43_3
https://www.dropbox.com/scl/fi/lcrc6s2xrlwlp964zf389/3.jpg?rlkey=q1wnw45yw2z6ru667xi5hrg3j&st=eqa9jung&dl=0,44_3
https://www.dropbox.com/scl/fi/lcrc6s2xrlwlp964zf389/3.jpg?rlkey=q1wnw45yw2z6ru667xi5hrg3j&st=eqa9jung&dl=0,45_3
https://www.dropbox.com/scl/fi/lcrc6s2xrlwlp964zf389/3.jpg?rlkey=q1wnw45yw2z6ru667xi5hrg3j&st=eqa9jung&dl=0,46_3
https://www.dropbox.com/scl/fi/lcrc6s2xrlwlp964zf389/3.jpg?rlkey=q1wnw45yw2z6ru667xi5hrg3j&st=eqa9jung&dl=0,47_3
https://www.dropbox.com/scl/fi/lcrc6s2xrlwlp964zf389/3.jpg?rlkey=q1wnw45yw2z6ru667xi5hrg3j&st=eqa9jung&dl=0,48_3
https://www.dropbox.com/scl/fi/lcrc6s2xrlwlp964zf389/3.jpg?rlkey=q1wnw45yw2z6ru667xi5hrg3j&st=eqa9jung&dl=0,49_3
https://www.dropbox.com/scl/fi/lcrc6s2xrlwlp964zf389/3.jpg?rlkey=q1wnw45yw2z6ru667xi5hrg3j&st=eqa9jung&dl=0,50_3
https://www.dropbox.com/scl/fi/lcrc6s2xrlwlp964zf389/3.jpg?rlkey=q1wnw45yw2z6ru667xi5hrg3j&st=eqa9jung&dl=0,51_3
https://www.dropbox.com/scl/fi/lcrc6s2xrlwlp964zf389/3.jpg?rlkey=q1wnw45yw2z6ru667xi5hrg3j&st=eqa9jung&dl=0,52_3
https://www.dropbox.com/scl/fi/lcrc6s2xrlwlp964zf389/3.jpg?rlkey=q1wnw45yw2z6ru667xi5hrg3j&st=eqa9jung&dl=0,53_3
https://www.dropbox.com/scl/fi/lcrc6s2xrlwlp964zf389/3.jpg?rlkey=q1wnw45yw2z6ru667xi5hrg3j&st=eqa9jung&dl=0,54_3
https://www.dropbox.com/scl/fi/bncitfag6hwe31g00tzvc/EX-3.jpg?rlkey=7faj4w8bdj4syb59tiykqgt9t&st=v6rqyijv&dl=0,55_3
https://www.dropbox.com/scl/fi/bncitfag6hwe31g00tzvc/EX-3.jpg?rlkey=7faj4w8bdj4syb59tiykqgt9t&st=v6rqyijv&dl=0,56_3
https://www.dropbox.com/scl/fi/bncitfag6hwe31g00tzvc/EX-3.jpg?rlkey=7faj4w8bdj4syb59tiykqgt9t&st=v6rqyijv&dl=0,57_3
https://www.dropbox.com/scl/fi/lcrc6s2xrlwlp964zf389/3.jpg?rlkey=q1wnw45yw2z6ru667xi5hrg3j&st=eqa9jung&dl=0,58_3
https://www.dropbox.com/scl/fi/lcrc6s2xrlwlp964zf389/3.jpg?rlkey=q1wnw45yw2z6ru667xi5hrg3j&st=eqa9jung&dl=0,59_3
https://www.dropbox.com/scl/fi/lcrc6s2xrlwlp964zf389/3.jpg?rlkey=q1wnw45yw2z6ru667xi5hrg3j&st=eqa9jung&dl=0,60_3
https://www.dropbox.com/scl/fi/lcrc6s2xrlwlp964zf389/3.jpg?rlkey=q1wnw45yw2z6ru667xi5hrg3j&st=eqa9jung&dl=0,61_3
https://www.dropbox.com/scl/fi/lcrc6s2xrlwlp964zf389/3.jpg?rlkey=q1wnw45yw2z6ru667xi5hrg3j&st=eqa9jung&dl=0,62_3
https://www.dropbox.com/scl/fi/bncitfag6hwe31g00tzvc/EX-3.jpg?rlkey=7faj4w8bdj4syb59tiykqgt9t&st=v6rqyijv&dl=0,63_3
https://www.dropbox.com/scl/fi/lcrc6s2xrlwlp964zf389/3.jpg?rlkey=q1wnw45yw2z6ru667xi5hrg3j&st=eqa9jung&dl=0,64_3
https://www.dropbox.com/scl/fi/lcrc6s2xrlwlp964zf389/3.jpg?rlkey=q1wnw45yw2z6ru667xi5hrg3j&st=eqa9jung&dl=0,65_3
https://www.dropbox.com/scl/fi/bncitfag6hwe31g00tzvc/EX-3.jpg?rlkey=7faj4w8bdj4syb59tiykqgt9t&st=v6rqyijv&dl=0,66_3
https://www.dropbox.com/scl/fi/bncitfag6hwe31g00tzvc/EX-3.jpg?rlkey=7faj4w8bdj4syb59tiykqgt9t&st=v6rqyijv&dl=0,67_3
https://www.dropbox.com/scl/fi/bncitfag6hwe31g00tzvc/EX-3.jpg?rlkey=7faj4w8bdj4syb59tiykqgt9t&st=v6rqyijv&dl=0,68_3
https://www.dropbox.com/scl/fi/lcrc6s2xrlwlp964zf389/3.jpg?rlkey=q1wnw45yw2z6ru667xi5hrg3j&st=eqa9jung&dl=0,69_3
https://www.dropbox.com/scl/fi/lcrc6s2xrlwlp964zf389/3.jpg?rlkey=q1wnw45yw2z6ru667xi5hrg3j&st=eqa9jung&dl=0,70_3
https://www.dropbox.com/scl/fi/lcrc6s2xrlwlp964zf389/3.jpg?rlkey=q1wnw45yw2z6ru667xi5hrg3j&st=eqa9jung&dl=0,71_3
https://www.dropbox.com/scl/fi/lcrc6s2xrlwlp964zf389/3.jpg?rlkey=q1wnw45yw2z6ru667xi5hrg3j&st=eqa9jung&dl=0,72_3
https://www.dropbox.com/scl/fi/lcrc6s2xrlwlp964zf389/3.jpg?rlkey=q1wnw45yw2z6ru667xi5hrg3j&st=eqa9jung&dl=0,73_3
https://www.dropbox.com/scl/fi/bncitfag6hwe31g00tzvc/EX-3.jpg?rlkey=7faj4w8bdj4syb59tiykqgt9t&st=v6rqyijv&dl=0,74_3
https://www.dropbox.com/scl/fi/bncitfag6hwe31g00tzvc/EX-3.jpg?rlkey=7faj4w8bdj4syb59tiykqgt9t&st=v6rqyijv&dl=0,75_3
https://www.dropbox.com/scl/fi/bncitfag6hwe31g00tzvc/EX-3.jpg?rlkey=7faj4w8bdj4syb59tiykqgt9t&st=v6rqyijv&dl=0,76_3
https://www.dropbox.com/scl/fi/bncitfag6hwe31g00tzvc/EX-3.jpg?rlkey=7faj4w8bdj4syb59tiykqgt9t&st=v6rqyijv&dl=0,77_3
https://www.dropbox.com/scl/fi/bncitfag6hwe31g00tzvc/EX-3.jpg?rlkey=7faj4w8bdj4syb59tiykqgt9t&st=v6rqyijv&dl=0,78_3
https://www.dropbox.com/scl/fi/bncitfag6hwe31g00tzvc/EX-3.jpg?rlkey=7faj4w8bdj4syb59tiykqgt9t&st=v6rqyijv&dl=0,79_3
https://www.dropbox.com/scl/fi/bncitfag6hwe31g00tzvc/EX-3.jpg?rlkey=7faj4w8bdj4syb59tiykqgt9t&st=v6rqyijv&dl=0,80_3
https://www.dropbox.com/scl/fi/lcrc6s2xrlwlp964zf389/3.jpg?rlkey=q1wnw45yw2z6ru667xi5hrg3j&st=eqa9jung&dl=0,81_3
https://www.dropbox.com/scl/fi/lcrc6s2xrlwlp964zf389/3.jpg?rlkey=q1wnw45yw2z6ru667xi5hrg3j&st=eqa9jung&dl=0,82_3
https://www.dropbox.com/scl/fi/lcrc6s2xrlwlp964zf389/3.jpg?rlkey=q1wnw45yw2z6ru667xi5hrg3j&st=eqa9jung&dl=0,83_3
https://www.dropbox.com/scl/fi/lcrc6s2xrlwlp964zf389/3.jpg?rlkey=q1wnw45yw2z6ru667xi5hrg3j&st=eqa9jung&dl=0,84_3
https://www.dropbox.com/scl/fi/lcrc6s2xrlwlp964zf389/3.jpg?rlkey=q1wnw45yw2z6ru667xi5hrg3j&st=eqa9jung&dl=0,85_3
https://www.dropbox.com/scl/fi/lcrc6s2xrlwlp964zf389/3.jpg?rlkey=q1wnw45yw2z6ru667xi5hrg3j&st=eqa9jung&dl=0,86_3
https://www.dropbox.com/scl/fi/lcrc6s2xrlwlp964zf389/3.jpg?rlkey=q1wnw45yw2z6ru667xi5hrg3j&st=eqa9jung&dl=0,87_3
https://www.dropbox.com/scl/fi/lcrc6s2xrlwlp964zf389/3.jpg?rlkey=q1wnw45yw2z6ru667xi5hrg3j&st=eqa9jung&dl=0,88_3
https://www.dropbox.com/scl/fi/lcrc6s2xrlwlp964zf389/3.jpg?rlkey=q1wnw45yw2z6ru667xi5hrg3j&st=eqa9jung&dl=0,89_3
https://www.dropbox.com/scl/fi/lcrc6s2xrlwlp964zf389/3.jpg?rlkey=q1wnw45yw2z6ru667xi5hrg3j&st=eqa9jung&dl=0,90_3
https://www.dropbox.com/scl/fi/lcrc6s2xrlwlp964zf389/3.jpg?rlkey=q1wnw45yw2z6ru667xi5hrg3j&st=eqa9jung&dl=0,91_3
https://www.dropbox.com/scl/fi/lcrc6s2xrlwlp964zf389/3.jpg?rlkey=q1wnw45yw2z6ru667xi5hrg3j&st=eqa9jung&dl=0,92_3
https://www.dropbox.com/scl/fi/lcrc6s2xrlwlp964zf389/3.jpg?rlkey=q1wnw45yw2z6ru667xi5hrg3j&st=eqa9jung&dl=0,93_3
https://www.dropbox.com/scl/fi/lcrc6s2xrlwlp964zf389/3.jpg?rlkey=q1wnw45yw2z6ru667xi5hrg3j&st=eqa9jung&dl=0,94_3
https://www.dropbox.com/scl/fi/lcrc6s2xrlwlp964zf389/3.jpg?rlkey=q1wnw45yw2z6ru667xi5hrg3j&st=eqa9jung&dl=0,95_3
https://www.dropbox.com/scl/fi/lcrc6s2xrlwlp964zf389/3.jpg?rlkey=q1wnw45yw2z6ru667xi5hrg3j&st=eqa9jung&dl=0,96_3
https://www.dropbox.com/scl/fi/lcrc6s2xrlwlp964zf389/3.jpg?rlkey=q1wnw45yw2z6ru667xi5hrg3j&st=eqa9jung&dl=0,97_3
https://www.dropbox.com/scl/fi/bncitfag6hwe31g00tzvc/EX-3.jpg?rlkey=7faj4w8bdj4syb59tiykqgt9t&st=v6rqyijv&dl=0,98_3
https://www.dropbox.com/scl/fi/bncitfag6hwe31g00tzvc/EX-3.jpg?rlkey=7faj4w8bdj4syb59tiykqgt9t&st=v6rqyijv&dl=0,99_3
https://www.dropbox.com/scl/fi/lcrc6s2xrlwlp964zf389/3.jpg?rlkey=q1wnw45yw2z6ru667xi5hrg3j&st=eqa9jung&dl=0,100_3
https://www.dropbox.com/scl/fi/lcrc6s2xrlwlp964zf389/3.jpg?rlkey=q1wnw45yw2z6ru667xi5hrg3j&st=eqa9jung&dl=0,101_3
https://www.dropbox.com/scl/fi/lcrc6s2xrlwlp964zf389/3.jpg?rlkey=q1wnw45yw2z6ru667xi5hrg3j&st=eqa9jung&dl=0,102_3
https://www.dropbox.com/scl/fi/bncitfag6hwe31g00tzvc/EX-3.jpg?rlkey=7faj4w8bdj4syb59tiykqgt9t&st=v6rqyijv&dl=0,103_3
https://www.dropbox.com/scl/fi/bncitfag6hwe31g00tzvc/EX-3.jpg?rlkey=7faj4w8bdj4syb59tiykqgt9t&st=v6rqyijv&dl=0,104_3
https://www.dropbox.com/scl/fi/lcrc6s2xrlwlp964zf389/3.jpg?rlkey=q1wnw45yw2z6ru667xi5hrg3j&st=eqa9jung&dl=0,105_3
https://www.dropbox.com/scl/fi/bncitfag6hwe31g00tzvc/EX-3.jpg?rlkey=7faj4w8bdj4syb59tiykqgt9t&st=v6rqyijv&dl=0,106_3
https://www.dropbox.com/scl/fi/bncitfag6hwe31g00tzvc/EX-3.jpg?rlkey=7faj4w8bdj4syb59tiykqgt9t&st=v6rqyijv&dl=0,107_3
https://www.dropbox.com/scl/fi/lcrc6s2xrlwlp964zf389/3.jpg?rlkey=q1wnw45yw2z6ru667xi5hrg3j&st=eqa9jung&dl=0,108_3
https://www.dropbox.com/scl/fi/lcrc6s2xrlwlp964zf389/3.jpg?rlkey=q1wnw45yw2z6ru667xi5hrg3j&st=eqa9jung&dl=0,109_3
https://www.dropbox.com/scl/fi/bncitfag6hwe31g00tzvc/EX-3.jpg?rlkey=7faj4w8bdj4syb59tiykqgt9t&st=v6rqyijv&dl=0,110_3
https://www.dropbox.com/scl/fi/lcrc6s2xrlwlp964zf389/3.jpg?rlkey=q1wnw45yw2z6ru667xi5hrg3j&st=eqa9jung&dl=0,111_3
https://www.dropbox.com/scl/fi/lcrc6s2xrlwlp964zf389/3.jpg?rlkey=q1wnw45yw2z6ru667xi5hrg3j&st=eqa9jung&dl=0,112_3
https://www.dropbox.com/scl/fi/lcrc6s2xrlwlp964zf389/3.jpg?rlkey=q1wnw45yw2z6ru667xi5hrg3j&st=eqa9jung&dl=0,113_3
https://www.dropbox.com/scl/fi/bncitfag6hwe31g00tzvc/EX-3.jpg?rlkey=7faj4w8bdj4syb59tiykqgt9t&st=v6rqyijv&dl=0,114_3
https://www.dropbox.com/scl/fi/lcrc6s2xrlwlp964zf389/3.jpg?rlkey=q1wnw45yw2z6ru667xi5hrg3j&st=eqa9jung&dl=0,115_3
https://www.dropbox.com/scl/fi/bncitfag6hwe31g00tzvc/EX-3.jpg?rlkey=7faj4w8bdj4syb59tiykqgt9t&st=v6rqyijv&dl=0,116_3
https://www.dropbox.com/scl/fi/bncitfag6hwe31g00tzvc/EX-3.jpg?rlkey=7faj4w8bdj4syb59tiykqgt9t&st=v6rqyijv&dl=0,117_3
https://www.dropbox.com/scl/fi/lcrc6s2xrlwlp964zf389/3.jpg?rlkey=q1wnw45yw2z6ru667xi5hrg3j&st=eqa9jung&dl=0,118_3
https://www.dropbox.com/scl/fi/lcrc6s2xrlwlp964zf389/3.jpg?rlkey=q1wnw45yw2z6ru667xi5hrg3j&st=eqa9jung&dl=0,119_3
https://www.dropbox.com/scl/fi/lcrc6s2xrlwlp964zf389/3.jpg?rlkey=q1wnw45yw2z6ru667xi5hrg3j&st=eqa9jung&dl=0,120_3
https://www.dropbox.com/scl/fi/bncitfag6hwe31g00tzvc/EX-3.jpg?rlkey=7faj4w8bdj4syb59tiykqgt9t&st=v6rqyijv&dl=0,121_3
https://www.dropbox.com/scl/fi/bncitfag6hwe31g00tzvc/EX-3.jpg?rlkey=7faj4w8bdj4syb59tiykqgt9t&st=v6rqyijv&dl=0,122_3
https://www.dropbox.com/scl/fi/bncitfag6hwe31g00tzvc/EX-3.jpg?rlkey=7faj4w8bdj4syb59tiykqgt9t&st=v6rqyijv&dl=0,123_3
https://www.dropbox.com/scl/fi/lcrc6s2xrlwlp964zf389/3.jpg?rlkey=q1wnw45yw2z6ru667xi5hrg3j&st=eqa9jung&dl=0,124_3
https://www.dropbox.com/scl/fi/lcrc6s2xrlwlp964zf389/3.jpg?rlkey=q1wnw45yw2z6ru667xi5hrg3j&st=eqa9jung&dl=0,125_3
https://www.dropbox.com/scl/fi/lcrc6s2xrlwlp964zf389/3.jpg?rlkey=q1wnw45yw2z6ru667xi5hrg3j&st=eqa9jung&dl=0,126_3
https://www.dropbox.com/scl/fi/lcrc6s2xrlwlp964zf389/3.jpg?rlkey=q1wnw45yw2z6ru667xi5hrg3j&st=eqa9jung&dl=0,127_3
https://www.dropbox.com/scl/fi/lcrc6s2xrlwlp964zf389/3.jpg?rlkey=q1wnw45yw2z6ru667xi5hrg3j&st=eqa9jung&dl=0,128_3
https://www.dropbox.com/scl/fi/lcrc6s2xrlwlp964zf389/3.jpg?rlkey=q1wnw45yw2z6ru667xi5hrg3j&st=eqa9jung&dl=0,129_3
https://www.dropbox.com/scl/fi/lcrc6s2xrlwlp964zf389/3.jpg?rlkey=q1wnw45yw2z6ru667xi5hrg3j&st=eqa9jung&dl=0,130_3
https://www.dropbox.com/scl/fi/lcrc6s2xrlwlp964zf389/3.jpg?rlkey=q1wnw45yw2z6ru667xi5hrg3j&st=eqa9jung&dl=0,131_3
https://www.dropbox.com/scl/fi/lcrc6s2xrlwlp964zf389/3.jpg?rlkey=q1wnw45yw2z6ru667xi5hrg3j&st=eqa9jung&dl=0,132_3
https://www.dropbox.com/scl/fi/lcrc6s2xrlwlp964zf389/3.jpg?rlkey=q1wnw45yw2z6ru667xi5hrg3j&st=eqa9jung&dl=0,133_3
https://www.dropbox.com/scl/fi/bncitfag6hwe31g00tzvc/EX-3.jpg?rlkey=7faj4w8bdj4syb59tiykqgt9t&st=v6rqyijv&dl=0,134_3
https://www.dropbox.com/scl/fi/bncitfag6hwe31g00tzvc/EX-3.jpg?rlkey=7faj4w8bdj4syb59tiykqgt9t&st=v6rqyijv&dl=0,135_3
https://www.dropbox.com/scl/fi/bncitfag6hwe31g00tzvc/EX-3.jpg?rlkey=7faj4w8bdj4syb59tiykqgt9t&st=v6rqyijv&dl=0,136_3
https://www.dropbox.com/scl/fi/h3zk1pw7m0ax45iub2y4d/5.jpg?rlkey=z7afhkz0l6og7cbld5k2axwgz&st=2dq42bou&dl=0,137_3
https://www.dropbox.com/scl/fi/h3zk1pw7m0ax45iub2y4d/5.jpg?rlkey=z7afhkz0l6og7cbld5k2axwgz&st=2dq42bou&dl=0,138_3
https://www.dropbox.com/scl/fi/h3zk1pw7m0ax45iub2y4d/5.jpg?rlkey=z7afhkz0l6og7cbld5k2axwgz&st=2dq42bou&dl=0,139_3
https://www.dropbox.com/scl/fi/h3zk1pw7m0ax45iub2y4d/5.jpg?rlkey=z7afhkz0l6og7cbld5k2axwgz&st=2dq42bou&dl=0,140_3
https://www.dropbox.com/scl/fi/h3zk1pw7m0ax45iub2y4d/5.jpg?rlkey=z7afhkz0l6og7cbld5k2axwgz&st=2dq42bou&dl=0,141_3
https://www.dropbox.com/scl/fi/h3zk1pw7m0ax45iub2y4d/5.jpg?rlkey=z7afhkz0l6og7cbld5k2axwgz&st=2dq42bou&dl=0,142_3
https://www.dropbox.com/scl/fi/h3zk1pw7m0ax45iub2y4d/5.jpg?rlkey=z7afhkz0l6og7cbld5k2axwgz&st=2dq42bou&dl=0,143_3
https://www.dropbox.com/scl/fi/h3zk1pw7m0ax45iub2y4d/5.jpg?rlkey=z7afhkz0l6og7cbld5k2axwgz&st=2dq42bou&dl=0,144_3
https://www.dropbox.com/scl/fi/h3zk1pw7m0ax45iub2y4d/5.jpg?rlkey=z7afhkz0l6og7cbld5k2axwgz&st=2dq42bou&dl=0,145_3
https://www.dropbox.com/scl/fi/h3zk1pw7m0ax45iub2y4d/5.jpg?rlkey=z7afhkz0l6og7cbld5k2axwgz&st=2dq42bou&dl=0,146_3
https://www.dropbox.com/scl/fi/h3zk1pw7m0ax45iub2y4d/5.jpg?rlkey=z7afhkz0l6og7cbld5k2axwgz&st=2dq42bou&dl=0,147_3
https://www.dropbox.com/scl/fi/h3zk1pw7m0ax45iub2y4d/5.jpg?rlkey=z7afhkz0l6og7cbld5k2axwgz&st=2dq42bou&dl=0,148_3
https://www.dropbox.com/scl/fi/h3zk1pw7m0ax45iub2y4d/5.jpg?rlkey=z7afhkz0l6og7cbld5k2axwgz&st=2dq42bou&dl=0,149_3
https://www.dropbox.com/scl/fi/h3zk1pw7m0ax45iub2y4d/5.jpg?rlkey=z7afhkz0l6og7cbld5k2axwgz&st=2dq42bou&dl=0,150_3
https://www.dropbox.com/scl/fi/h3zk1pw7m0ax45iub2y4d/5.jpg?rlkey=z7afhkz0l6og7cbld5k2axwgz&st=2dq42bou&dl=0,151_3
https://www.dropbox.com/scl/fi/h3zk1pw7m0ax45iub2y4d/5.jpg?rlkey=z7afhkz0l6og7cbld5k2axwgz&st=2dq42bou&dl=0,152_3
https://www.dropbox.com/scl/fi/h3zk1pw7m0ax45iub2y4d/5.jpg?rlkey=z7afhkz0l6og7cbld5k2axwgz&st=2dq42bou&dl=0,153_3
https://www.dropbox.com/scl/fi/h3zk1pw7m0ax45iub2y4d/5.jpg?rlkey=z7afhkz0l6og7cbld5k2axwgz&st=2dq42bou&dl=0,154_3
https://www.dropbox.com/scl/fi/h3zk1pw7m0ax45iub2y4d/5.jpg?rlkey=z7afhkz0l6og7cbld5k2axwgz&st=2dq42bou&dl=0,155_3
https://www.dropbox.com/scl/fi/h3zk1pw7m0ax45iub2y4d/5.jpg?rlkey=z7afhkz0l6og7cbld5k2axwgz&st=2dq42bou&dl=0,156_3
https://www.dropbox.com/scl/fi/h3zk1pw7m0ax45iub2y4d/5.jpg?rlkey=z7afhkz0l6og7cbld5k2axwgz&st=2dq42bou&dl=0,157_3
https://www.dropbox.com/scl/fi/h3zk1pw7m0ax45iub2y4d/5.jpg?rlkey=z7afhkz0l6og7cbld5k2axwgz&st=2dq42bou&dl=0,158_3
https://www.dropbox.com/scl/fi/h3zk1pw7m0ax45iub2y4d/5.jpg?rlkey=z7afhkz0l6og7cbld5k2axwgz&st=2dq42bou&dl=0,159_3
https://www.dropbox.com/scl/fi/h3zk1pw7m0ax45iub2y4d/5.jpg?rlkey=z7afhkz0l6og7cbld5k2axwgz&st=2dq42bou&dl=0,160_3
https://www.dropbox.com/scl/fi/h3zk1pw7m0ax45iub2y4d/5.jpg?rlkey=z7afhkz0l6og7cbld5k2axwgz&st=2dq42bou&dl=0,161_3
https://www.dropbox.com/scl/fi/h3zk1pw7m0ax45iub2y4d/5.jpg?rlkey=z7afhkz0l6og7cbld5k2axwgz&st=2dq42bou&dl=0,162_3
https://www.dropbox.com/scl/fi/h3zk1pw7m0ax45iub2y4d/5.jpg?rlkey=z7afhkz0l6og7cbld5k2axwgz&st=2dq42bou&dl=0,163_3
https://www.dropbox.com/scl/fi/h3zk1pw7m0ax45iub2y4d/5.jpg?rlkey=z7afhkz0l6og7cbld5k2axwgz&st=2dq42bou&dl=0,164_3
https://www.dropbox.com/scl/fi/h3zk1pw7m0ax45iub2y4d/5.jpg?rlkey=z7afhkz0l6og7cbld5k2axwgz&st=2dq42bou&dl=0,165_3
https://www.dropbox.com/scl/fi/h3zk1pw7m0ax45iub2y4d/5.jpg?rlkey=z7afhkz0l6og7cbld5k2axwgz&st=2dq42bou&dl=0,166_3
https://www.dropbox.com/scl/fi/h3zk1pw7m0ax45iub2y4d/5.jpg?rlkey=z7afhkz0l6og7cbld5k2axwgz&st=2dq42bou&dl=0,167_3
https://www.dropbox.com/scl/fi/h3zk1pw7m0ax45iub2y4d/5.jpg?rlkey=z7afhkz0l6og7cbld5k2axwgz&st=2dq42bou&dl=0,168_3
https://www.dropbox.com/scl/fi/h3zk1pw7m0ax45iub2y4d/5.jpg?rlkey=z7afhkz0l6og7cbld5k2axwgz&st=2dq42bou&dl=0,169_3
https://www.dropbox.com/scl/fi/h3zk1pw7m0ax45iub2y4d/5.jpg?rlkey=z7afhkz0l6og7cbld5k2axwgz&st=2dq42bou&dl=0,170_3
https://www.dropbox.com/scl/fi/h3zk1pw7m0ax45iub2y4d/5.jpg?rlkey=z7afhkz0l6og7cbld5k2axwgz&st=2dq42bou&dl=0,171_3
https://www.dropbox.com/scl/fi/h3zk1pw7m0ax45iub2y4d/5.jpg?rlkey=z7afhkz0l6og7cbld5k2axwgz&st=2dq42bou&dl=0,172_3
https://www.dropbox.com/scl/fi/h3zk1pw7m0ax45iub2y4d/5.jpg?rlkey=z7afhkz0l6og7cbld5k2axwgz&st=2dq42bou&dl=0,173_3
https://www.dropbox.com/scl/fi/h3zk1pw7m0ax45iub2y4d/5.jpg?rlkey=z7afhkz0l6og7cbld5k2axwgz&st=2dq42bou&dl=0,174_3
https://www.dropbox.com/scl/fi/h3zk1pw7m0ax45iub2y4d/5.jpg?rlkey=z7afhkz0l6og7cbld5k2axwgz&st=2dq42bou&dl=0,175_3
https://www.dropbox.com/scl/fi/h3zk1pw7m0ax45iub2y4d/5.jpg?rlkey=z7afhkz0l6og7cbld5k2axwgz&st=2dq42bou&dl=0,176_3
https://www.dropbox.com/scl/fi/h3zk1pw7m0ax45iub2y4d/5.jpg?rlkey=z7afhkz0l6og7cbld5k2axwgz&st=2dq42bou&dl=0,177_3
https://www.dropbox.com/scl/fi/h3zk1pw7m0ax45iub2y4d/5.jpg?rlkey=z7afhkz0l6og7cbld5k2axwgz&st=2dq42bou&dl=0,178_3
https://www.dropbox.com/scl/fi/h3zk1pw7m0ax45iub2y4d/5.jpg?rlkey=z7afhkz0l6og7cbld5k2axwgz&st=2dq42bou&dl=0,179_3
https://www.dropbox.com/scl/fi/h3zk1pw7m0ax45iub2y4d/5.jpg?rlkey=z7afhkz0l6og7cbld5k2axwgz&st=2dq42bou&dl=0,180_3
https://www.dropbox.com/scl/fi/h3zk1pw7m0ax45iub2y4d/5.jpg?rlkey=z7afhkz0l6og7cbld5k2axwgz&st=2dq42bou&dl=0,181_3
https://www.dropbox.com/scl/fi/h3zk1pw7m0ax45iub2y4d/5.jpg?rlkey=z7afhkz0l6og7cbld5k2axwgz&st=2dq42bou&dl=0,182_3
https://www.dropbox.com/scl/fi/h3zk1pw7m0ax45iub2y4d/5.jpg?rlkey=z7afhkz0l6og7cbld5k2axwgz&st=2dq42bou&dl=0,183_3
https://www.dropbox.com/scl/fi/h3zk1pw7m0ax45iub2y4d/5.jpg?rlkey=z7afhkz0l6og7cbld5k2axwgz&st=2dq42bou&dl=0,184_3
https://www.dropbox.com/scl/fi/h3zk1pw7m0ax45iub2y4d/5.jpg?rlkey=z7afhkz0l6og7cbld5k2axwgz&st=2dq42bou&dl=0,185_3
https://www.dropbox.com/scl/fi/h3zk1pw7m0ax45iub2y4d/5.jpg?rlkey=z7afhkz0l6og7cbld5k2axwgz&st=2dq42bou&dl=0,186_3
https://www.dropbox.com/scl/fi/h3zk1pw7m0ax45iub2y4d/5.jpg?rlkey=z7afhkz0l6og7cbld5k2axwgz&st=2dq42bou&dl=0,187_3
https://www.dropbox.com/scl/fi/h3zk1pw7m0ax45iub2y4d/5.jpg?rlkey=z7afhkz0l6og7cbld5k2axwgz&st=2dq42bou&dl=0,188_3
https://www.dropbox.com/scl/fi/h3zk1pw7m0ax45iub2y4d/5.jpg?rlkey=z7afhkz0l6og7cbld5k2axwgz&st=2dq42bou&dl=0,189_3
https://www.dropbox.com/scl/fi/h3zk1pw7m0ax45iub2y4d/5.jpg?rlkey=z7afhkz0l6og7cbld5k2axwgz&st=2dq42bou&dl=0,190_3
https://www.dropbox.com/scl/fi/h3zk1pw7m0ax45iub2y4d/5.jpg?rlkey=z7afhkz0l6og7cbld5k2axwgz&st=2dq42bou&dl=0,191_3
https://www.dropbox.com/scl/fi/h3zk1pw7m0ax45iub2y4d/5.jpg?rlkey=z7afhkz0l6og7cbld5k2axwgz&st=2dq42bou&dl=0,192_3
https://www.dropbox.com/scl/fi/h3zk1pw7m0ax45iub2y4d/5.jpg?rlkey=z7afhkz0l6og7cbld5k2axwgz&st=2dq42bou&dl=0,193_3
https://www.dropbox.com/scl/fi/h3zk1pw7m0ax45iub2y4d/5.jpg?rlkey=z7afhkz0l6og7cbld5k2axwgz&st=2dq42bou&dl=0,194_3
https://www.dropbox.com/scl/fi/h3zk1pw7m0ax45iub2y4d/5.jpg?rlkey=z7afhkz0l6og7cbld5k2axwgz&st=2dq42bou&dl=0,195_3
https://www.dropbox.com/scl/fi/h3zk1pw7m0ax45iub2y4d/5.jpg?rlkey=z7afhkz0l6og7cbld5k2axwgz&st=2dq42bou&dl=0,196_3
https://www.dropbox.com/scl/fi/h3zk1pw7m0ax45iub2y4d/5.jpg?rlkey=z7afhkz0l6og7cbld5k2axwgz&st=2dq42bou&dl=0,197_3
https://www.dropbox.com/scl/fi/h3zk1pw7m0ax45iub2y4d/5.jpg?rlkey=z7afhkz0l6og7cbld5k2axwgz&st=2dq42bou&dl=0,198_3
https://www.dropbox.com/scl/fi/h3zk1pw7m0ax45iub2y4d/5.jpg?rlkey=z7afhkz0l6og7cbld5k2axwgz&st=2dq42bou&dl=0,199_3
https://www.dropbox.com/scl/fi/h3zk1pw7m0ax45iub2y4d/5.jpg?rlkey=z7afhkz0l6og7cbld5k2axwgz&st=2dq42bou&dl=0,200_3
https://www.dropbox.com/scl/fi/h3zk1pw7m0ax45iub2y4d/5.jpg?rlkey=z7afhkz0l6og7cbld5k2axwgz&st=2dq42bou&dl=0,201_3
https://www.dropbox.com/scl/fi/h3zk1pw7m0ax45iub2y4d/5.jpg?rlkey=z7afhkz0l6og7cbld5k2axwgz&st=2dq42bou&dl=0,202_3
https://www.dropbox.com/scl/fi/h3zk1pw7m0ax45iub2y4d/5.jpg?rlkey=z7afhkz0l6og7cbld5k2axwgz&st=2dq42bou&dl=0,203_3
https://www.dropbox.com/scl/fi/h3zk1pw7m0ax45iub2y4d/5.jpg?rlkey=z7afhkz0l6og7cbld5k2axwgz&st=2dq42bou&dl=0,204_3
https://www.dropbox.com/scl/fi/h3zk1pw7m0ax45iub2y4d/5.jpg?rlkey=z7afhkz0l6og7cbld5k2axwgz&st=2dq42bou&dl=0,205_3
https://www.dropbox.com/scl/fi/h3zk1pw7m0ax45iub2y4d/5.jpg?rlkey=z7afhkz0l6og7cbld5k2axwgz&st=2dq42bou&dl=0,206_3
https://www.dropbox.com/scl/fi/h3zk1pw7m0ax45iub2y4d/5.jpg?rlkey=z7afhkz0l6og7cbld5k2axwgz&st=2dq42bou&dl=0,207_3
https://www.dropbox.com/scl/fi/h3zk1pw7m0ax45iub2y4d/5.jpg?rlkey=z7afhkz0l6og7cbld5k2axwgz&st=2dq42bou&dl=0,208_3
https://www.dropbox.com/scl/fi/h3zk1pw7m0ax45iub2y4d/5.jpg?rlkey=z7afhkz0l6og7cbld5k2axwgz&st=2dq42bou&dl=0,209_3
https://www.dropbox.com/scl/fi/h3zk1pw7m0ax45iub2y4d/5.jpg?rlkey=z7afhkz0l6og7cbld5k2axwgz&st=2dq42bou&dl=0,210_3
https://www.dropbox.com/scl/fi/h3zk1pw7m0ax45iub2y4d/5.jpg?rlkey=z7afhkz0l6og7cbld5k2axwgz&st=2dq42bou&dl=0,211_3
https://www.dropbox.com/scl/fi/h3zk1pw7m0ax45iub2y4d/5.jpg?rlkey=z7afhkz0l6og7cbld5k2axwgz&st=2dq42bou&dl=0,212_3
https://www.dropbox.com/scl/fi/h3zk1pw7m0ax45iub2y4d/5.jpg?rlkey=z7afhkz0l6og7cbld5k2axwgz&st=2dq42bou&dl=0,213_3
https://www.dropbox.com/scl/fi/h3zk1pw7m0ax45iub2y4d/5.jpg?rlkey=z7afhkz0l6og7cbld5k2axwgz&st=2dq42bou&dl=0,214_3
https://www.dropbox.com/scl/fi/h3zk1pw7m0ax45iub2y4d/5.jpg?rlkey=z7afhkz0l6og7cbld5k2axwgz&st=2dq42bou&dl=0,215_3
https://www.dropbox.com/scl/fi/h3zk1pw7m0ax45iub2y4d/5.jpg?rlkey=z7afhkz0l6og7cbld5k2axwgz&st=2dq42bou&dl=0,216_3
https://www.dropbox.com/scl/fi/h3zk1pw7m0ax45iub2y4d/5.jpg?rlkey=z7afhkz0l6og7cbld5k2axwgz&st=2dq42bou&dl=0,217_3
https://www.dropbox.com/scl/fi/h3zk1pw7m0ax45iub2y4d/5.jpg?rlkey=z7afhkz0l6og7cbld5k2axwgz&st=2dq42bou&dl=0,218_3
https://www.dropbox.com/scl/fi/h3zk1pw7m0ax45iub2y4d/5.jpg?rlkey=z7afhkz0l6og7cbld5k2axwgz&st=2dq42bou&dl=0,219_3
https://www.dropbox.com/scl/fi/h3zk1pw7m0ax45iub2y4d/5.jpg?rlkey=z7afhkz0l6og7cbld5k2axwgz&st=2dq42bou&dl=0,220_3
https://www.dropbox.com/scl/fi/h3zk1pw7m0ax45iub2y4d/5.jpg?rlkey=z7afhkz0l6og7cbld5k2axwgz&st=2dq42bou&dl=0,221_3
https://www.dropbox.com/scl/fi/h3zk1pw7m0ax45iub2y4d/5.jpg?rlkey=z7afhkz0l6og7cbld5k2axwgz&st=2dq42bou&dl=0,222_3
https://www.dropbox.com/scl/fi/h3zk1pw7m0ax45iub2y4d/5.jpg?rlkey=z7afhkz0l6og7cbld5k2axwgz&st=2dq42bou&dl=0,223_3
https://www.dropbox.com/scl/fi/h3zk1pw7m0ax45iub2y4d/5.jpg?rlkey=z7afhkz0l6og7cbld5k2axwgz&st=2dq42bou&dl=0,224_3
https://www.dropbox.com/scl/fi/h3zk1pw7m0ax45iub2y4d/5.jpg?rlkey=z7afhkz0l6og7cbld5k2axwgz&st=2dq42bou&dl=0,225_3
https://www.dropbox.com/scl/fi/h3zk1pw7m0ax45iub2y4d/5.jpg?rlkey=z7afhkz0l6og7cbld5k2axwgz&st=2dq42bou&dl=0,226_3
https://www.dropbox.com/scl/fi/h3zk1pw7m0ax45iub2y4d/5.jpg?rlkey=z7afhkz0l6og7cbld5k2axwgz&st=2dq42bou&dl=0,227_3
https://www.dropbox.com/scl/fi/h3zk1pw7m0ax45iub2y4d/5.jpg?rlkey=z7afhkz0l6og7cbld5k2axwgz&st=2dq42bou&dl=0,228_3
https://www.dropbox.com/scl/fi/h3zk1pw7m0ax45iub2y4d/5.jpg?rlkey=z7afhkz0l6og7cbld5k2axwgz&st=2dq42bou&dl=0,229_3
https://www.dropbox.com/scl/fi/h3zk1pw7m0ax45iub2y4d/5.jpg?rlkey=z7afhkz0l6og7cbld5k2axwgz&st=2dq42bou&dl=0,230_3
https://www.dropbox.com/scl/fi/h3zk1pw7m0ax45iub2y4d/5.jpg?rlkey=z7afhkz0l6og7cbld5k2axwgz&st=2dq42bou&dl=0,231_3
https://www.dropbox.com/scl/fi/h3zk1pw7m0ax45iub2y4d/5.jpg?rlkey=z7afhkz0l6og7cbld5k2axwgz&st=2dq42bou&dl=0,232_3
https://www.dropbox.com/scl/fi/h3zk1pw7m0ax45iub2y4d/5.jpg?rlkey=z7afhkz0l6og7cbld5k2axwgz&st=2dq42bou&dl=0,233_3
https://www.dropbox.com/scl/fi/h3zk1pw7m0ax45iub2y4d/5.jpg?rlkey=z7afhkz0l6og7cbld5k2axwgz&st=2dq42bou&dl=0,234_3
https://www.dropbox.com/scl/fi/h3zk1pw7m0ax45iub2y4d/5.jpg?rlkey=z7afhkz0l6og7cbld5k2axwgz&st=2dq42bou&dl=0,235_3
https://www.dropbox.com/scl/fi/h3zk1pw7m0ax45iub2y4d/5.jpg?rlkey=z7afhkz0l6og7cbld5k2axwgz&st=2dq42bou&dl=0,236_3
https://www.dropbox.com/scl/fi/h3zk1pw7m0ax45iub2y4d/5.jpg?rlkey=z7afhkz0l6og7cbld5k2axwgz&st=2dq42bou&dl=0,237_3
https://www.dropbox.com/scl/fi/h3zk1pw7m0ax45iub2y4d/5.jpg?rlkey=z7afhkz0l6og7cbld5k2axwgz&st=2dq42bou&dl=0,238_3
https://www.dropbox.com/scl/fi/h3zk1pw7m0ax45iub2y4d/5.jpg?rlkey=z7afhkz0l6og7cbld5k2axwgz&st=2dq42bou&dl=0,239_3
https://www.dropbox.com/scl/fi/h3zk1pw7m0ax45iub2y4d/5.jpg?rlkey=z7afhkz0l6og7cbld5k2axwgz&st=2dq42bou&dl=0,240_3
https://www.dropbox.com/scl/fi/h3zk1pw7m0ax45iub2y4d/5.jpg?rlkey=z7afhkz0l6og7cbld5k2axwgz&st=2dq42bou&dl=0,241_3
https://www.dropbox.com/scl/fi/h3zk1pw7m0ax45iub2y4d/5.jpg?rlkey=z7afhkz0l6og7cbld5k2axwgz&st=2dq42bou&dl=0,242_3
https://www.dropbox.com/scl/fi/h3zk1pw7m0ax45iub2y4d/5.jpg?rlkey=z7afhkz0l6og7cbld5k2axwgz&st=2dq42bou&dl=0,243_3
https://www.dropbox.com/scl/fi/h3zk1pw7m0ax45iub2y4d/5.jpg?rlkey=z7afhkz0l6og7cbld5k2axwgz&st=2dq42bou&dl=0,244_3
https://www.dropbox.com/scl/fi/h3zk1pw7m0ax45iub2y4d/5.jpg?rlkey=z7afhkz0l6og7cbld5k2axwgz&st=2dq42bou&dl=0,245_3
https://www.dropbox.com/scl/fi/h3zk1pw7m0ax45iub2y4d/5.jpg?rlkey=z7afhkz0l6og7cbld5k2axwgz&st=2dq42bou&dl=0,246_3
https://www.dropbox.com/scl/fi/h3zk1pw7m0ax45iub2y4d/5.jpg?rlkey=z7afhkz0l6og7cbld5k2axwgz&st=2dq42bou&dl=0,247_3
https://www.dropbox.com/scl/fi/h3zk1pw7m0ax45iub2y4d/5.jpg?rlkey=z7afhkz0l6og7cbld5k2axwgz&st=2dq42bou&dl=0,248_3
https://www.dropbox.com/scl/fi/h3zk1pw7m0ax45iub2y4d/5.jpg?rlkey=z7afhkz0l6og7cbld5k2axwgz&st=2dq42bou&dl=0,249_3
https://www.dropbox.com/scl/fi/h3zk1pw7m0ax45iub2y4d/5.jpg?rlkey=z7afhkz0l6og7cbld5k2axwgz&st=2dq42bou&dl=0,250_3
https://www.dropbox.com/scl/fi/h3zk1pw7m0ax45iub2y4d/5.jpg?rlkey=z7afhkz0l6og7cbld5k2axwgz&st=2dq42bou&dl=0,251_3
https://www.dropbox.com/scl/fi/h3zk1pw7m0ax45iub2y4d/5.jpg?rlkey=z7afhkz0l6og7cbld5k2axwgz&st=2dq42bou&dl=0,252_3
https://www.dropbox.com/scl/fi/h3zk1pw7m0ax45iub2y4d/5.jpg?rlkey=z7afhkz0l6og7cbld5k2axwgz&st=2dq42bou&dl=0,253_3
https://www.dropbox.com/scl/fi/h3zk1pw7m0ax45iub2y4d/5.jpg?rlkey=z7afhkz0l6og7cbld5k2axwgz&st=2dq42bou&dl=0,254_3
https://www.dropbox.com/scl/fi/h3zk1pw7m0ax45iub2y4d/5.jpg?rlkey=z7afhkz0l6og7cbld5k2axwgz&st=2dq42bou&dl=0,255_3
https://www.dropbox.com/scl/fi/h3zk1pw7m0ax45iub2y4d/5.jpg?rlkey=z7afhkz0l6og7cbld5k2axwgz&st=2dq42bou&dl=0,256_3
https://www.dropbox.com/scl/fi/h3zk1pw7m0ax45iub2y4d/5.jpg?rlkey=z7afhkz0l6og7cbld5k2axwgz&st=2dq42bou&dl=0,257_3
https://www.dropbox.com/scl/fi/h3zk1pw7m0ax45iub2y4d/5.jpg?rlkey=z7afhkz0l6og7cbld5k2axwgz&st=2dq42bou&dl=0,258_3
https://www.dropbox.com/scl/fi/h3zk1pw7m0ax45iub2y4d/5.jpg?rlkey=z7afhkz0l6og7cbld5k2axwgz&st=2dq42bou&dl=0,259_3
https://www.dropbox.com/scl/fi/h3zk1pw7m0ax45iub2y4d/5.jpg?rlkey=z7afhkz0l6og7cbld5k2axwgz&st=2dq42bou&dl=0,260_3
https://www.dropbox.com/scl/fi/h3zk1pw7m0ax45iub2y4d/5.jpg?rlkey=z7afhkz0l6og7cbld5k2axwgz&st=2dq42bou&dl=0,261_3
https://www.dropbox.com/scl/fi/h3zk1pw7m0ax45iub2y4d/5.jpg?rlkey=z7afhkz0l6og7cbld5k2axwgz&st=2dq42bou&dl=0,262_3
https://www.dropbox.com/scl/fi/h3zk1pw7m0ax45iub2y4d/5.jpg?rlkey=z7afhkz0l6og7cbld5k2axwgz&st=2dq42bou&dl=0,263_3
https://www.dropbox.com/scl/fi/h3zk1pw7m0ax45iub2y4d/5.jpg?rlkey=z7afhkz0l6og7cbld5k2axwgz&st=2dq42bou&dl=0,264_3
https://www.dropbox.com/scl/fi/h3zk1pw7m0ax45iub2y4d/5.jpg?rlkey=z7afhkz0l6og7cbld5k2axwgz&st=2dq42bou&dl=0,265_3
https://www.dropbox.com/scl/fi/h3zk1pw7m0ax45iub2y4d/5.jpg?rlkey=z7afhkz0l6og7cbld5k2axwgz&st=2dq42bou&dl=0,266_3
https://www.dropbox.com/scl/fi/h3zk1pw7m0ax45iub2y4d/5.jpg?rlkey=z7afhkz0l6og7cbld5k2axwgz&st=2dq42bou&dl=0,267_3
https://www.dropbox.com/scl/fi/h3zk1pw7m0ax45iub2y4d/5.jpg?rlkey=z7afhkz0l6og7cbld5k2axwgz&st=2dq42bou&dl=0,268_3
https://www.dropbox.com/scl/fi/h3zk1pw7m0ax45iub2y4d/5.jpg?rlkey=z7afhkz0l6og7cbld5k2axwgz&st=2dq42bou&dl=0,269_3
https://www.dropbox.com/scl/fi/h3zk1pw7m0ax45iub2y4d/5.jpg?rlkey=z7afhkz0l6og7cbld5k2axwgz&st=2dq42bou&dl=0,270_3
https://www.dropbox.com/scl/fi/h3zk1pw7m0ax45iub2y4d/5.jpg?rlkey=z7afhkz0l6og7cbld5k2axwgz&st=2dq42bou&dl=0,271_3
https://www.dropbox.com/scl/fi/h3zk1pw7m0ax45iub2y4d/5.jpg?rlkey=z7afhkz0l6og7cbld5k2axwgz&st=2dq42bou&dl=0,272_3
